season,episode,All_lines,Andy_lines,Angela_lines,Bob_lines,Bob Vance_lines,Both_lines,Carol_lines,Cathy_lines,Charles_lines,Clark_lines,Creed_lines,Crowd_lines,Darryl_lines,David_lines,David Wallace_lines,Dwight_lines,Erin_lines,Everybody_lines,Everyone_lines,Gabe_lines,Group_lines,Guy_lines,Hank_lines,Holly_lines,Jan_lines,Jim_lines,Jo_lines,Josh_lines,Karen_lines,Kelly_lines,Kevin_lines,Man_lines,Meredith_lines,Michael_lines,Michael and Dwight_lines,Micheal_lines,Mose_lines,Nate_lines,Nellie_lines,Oscar_lines,Pam_lines,Pete_lines,Phyllis_lines,Robert_lines,Roy_lines,Ryan_lines,Stanley_lines,Toby_lines,Todd Packer_lines,Val_lines,Waiter_lines,Woman_lines,id,All_scenes,Andy_scenes,Angela_scenes,Bob_scenes,Bob Vance_scenes,Both_scenes,Carol_scenes,Cathy_scenes,Charles_scenes,Clark_scenes,Creed_scenes,Crowd_scenes,Darryl_scenes,David_scenes,David Wallace_scenes,Dwight_scenes,Erin_scenes,Everybody_scenes,Everyone_scenes,Gabe_scenes,Group_scenes,Guy_scenes,Hank_scenes,Holly_scenes,Jan_scenes,Jim_scenes,Jo_scenes,Josh_scenes,Karen_scenes,Kelly_scenes,Kevin_scenes,Man_scenes,Meredith_scenes,Michael_scenes,Michael and Dwight_scenes,Micheal_scenes,Mose_scenes,Nate_scenes,Nellie_scenes,Oscar_scenes,Pam_scenes,Pete_scenes,Phyllis_scenes,Robert_scenes,Roy_scenes,Ryan_scenes,Stanley_scenes,Toby_scenes,Todd Packer_scenes,Val_scenes,Waiter_scenes,Woman_scenes,index
1,1,0.0,0.0,1.0,0.0,0.0,0.0,0.0,0.0,0.0,0.0,0.0,0.0,0.0,0.0,0.0,29.0,0.0,0.0,0.0,0.0,0.0,0.0,0.0,0.0,12.0,36.0,0.0,0.0,0.0,0.0,1.0,1.0,0.0,81.0,0.0,0.0,0.0,0.0,0.0,3.0,41.0,0.0,2.0,0.0,5.0,8.0,5.0,0.0,3.0,0.0,0.0,0.0,0,0,0,1,0,0,0,0,0,0,0,0,0,0,0,0,10,0,0,0,0,0,0,0,0,3,11,0,0,0,0,1,1,0,20,0,0,0,0,0,3,14,0,2,0,2,5,2,0,1,0,0,0,0
1,2,0.0,0.0,4.0,0.0,0.0,0.0,0.0,0.0,0.0,0.0,0.0,0.0,0.0,0.0,0.0,19.0,0.0,0.0,0.0,0.0,0.0,0.0,0.0,0.0,0.0,27.0,0.0,0.0,0.0,2.0,8.0,0.0,0.0,81.0,0.0,0.0,0.0,0.0,0.0,13.0,16.0,0.0,0.0,0.0,0.0,4.0,5.0,2.0,0.0,0.0,0.0,0.0,1,0,0,1,0,0,0,0,0,0,0,0,0,0,0,0,6,0,0,0,0,0,0,0,0,0,11,0,0,0,2,5,0,0,25,0,0,0,0,0,2,7,0,0,0,0,1,2,1,0,0,0,0,1
1,3,0.0,0.0,5.0,0.0,0.0,0.0,0.0,0.0,0.0,0.0,0.0,0.0,0.0,0.0,0.0,62.0,0.0,0.0,0.0,0.0,0.0,0.0,0.0,0.0,18.0,42.0,0.0,0.0,0.0,0.0,6.0,0.0,3.0,56.0,0.0,0.0,0.0,0.0,0.0,9.0,32.0,0.0,0.0,0.0,0.0,1.0,6.0,0.0,0.0,0.0,0.0,0.0,2,0,0,3,0,0,0,0,0,0,0,0,0,0,0,0,16,0,0,0,0,0,0,0,0,2,11,0,0,0,0,4,0,2,19,0,0,0,0,0,5,10,0,0,0,0,1,5,0,0,0,0,0,2
1,4,0.0,0.0,7.0,0.0,0.0,0.0,0.0,0.0,0.0,0.0,0.0,0.0,0.0,0.0,0.0,58.0,0.0,5.0,0.0,0.0,0.0,0.0,0.0,0.0,0.0,49.0,0.0,0.0,0.0,0.0,3.0,0.0,10.0,79.0,0.0,0.0,0.0,0.0,0.0,14.0,22.0,0.0,5.0,0.0,3.0,4.0,2.0,4.0,0.0,0.0,0.0,0.0,3,0,0,4,0,0,0,0,0,0,0,0,0,0,0,0,24,0,3,0,0,0,0,0,0,0,21,0,0,0,0,2,0,3,19,0,0,0,0,0,4,10,0,2,0,1,2,2,2,0,0,0,0,3
1,5,0.0,0.0,3.0,0.0,0.0,0.0,0.0,0.0,0.0,0.0,0.0,0.0,15.0,0.0,0.0,26.0,0.0,1.0,0.0,0.0,0.0,0.0,0.0,0.0,0.0,22.0,0.0,0.0,0.0,0.0,1.0,0.0,0.0,106.0,1.0,0.0,0.0,0.0,0.0,2.0,14.0,0.0,4.0,0.0,12.0,8.0,3.0,0.0,0.0,0.0,0.0,0.0,4,0,0,2,0,0,0,0,0,0,0,0,0,7,0,0,9,0,1,0,0,0,0,0,0,0,13,0,0,0,0,1,0,0,31,1,0,0,0,0,2,6,0,3,0,8,5,1,0,0,0,0,0,4
1,6,0.0,0.0,3.0,0.0,0.0,0.0,0.0,0.0,0.0,0.0,0.0,0.0,0.0,0.0,0.0,28.0,0.0,0.0,0.0,0.0,0.0,0.0,0.0,0.0,8.0,55.0,0.0,0.0,0.0,0.0,5.0,0.0,0.0,106.0,0.0,0.0,0.0,0.0,0.0,1.0,45.0,0.0,0.0,0.0,14.0,12.0,3.0,7.0,0.0,0.0,0.0,0.0,5,0,0,1,0,0,0,0,0,0,0,0,0,0,0,0,7,0,0,0,0,0,0,0,0,1,9,0,0,0,0,2,0,0,21,0,0,0,0,0,1,11,0,0,0,2,4,1,1,0,0,0,0,5
2,1,0.0,0.0,3.0,0.0,0.0,0.0,0.0,0.0,0.0,0.0,0.0,0.0,1.0,0.0,0.0,39.0,0.0,1.0,0.0,0.0,0.0,0.0,0.0,0.0,9.0,33.0,0.0,0.0,0.0,8.0,1.0,0.0,0.0,106.0,0.0,0.0,0.0,0.0,0.0,4.0,41.0,0.0,10.0,0.0,6.0,2.0,8.0,0.0,0.0,0.0,0.0,0.0,0,0,0,2,0,0,0,0,0,0,0,0,0,1,0,0,13,0,1,0,0,0,0,0,0,1,16,0,0,0,4,1,0,0,36,0,0,0,0,0,3,22,0,5,0,3,2,3,0,0,0,0,0,6
2,2,0.0,0.0,2.0,0.0,0.0,0.0,0.0,0.0,0.0,0.0,0.0,0.0,9.0,0.0,0.0,11.0,0.0,0.0,0.0,0.0,0.0,0.0,0.0,0.0,11.0,16.0,0.0,0.0,0.0,0.0,6.0,0.0,1.0,100.0,0.0,0.0,0.0,0.0,0.0,0.0,27.0,0.0,6.0,0.0,14.0,1.0,1.0,26.0,20.0,0.0,0.0,0.0,1,0,0,1,0,0,0,0,0,0,0,0,0,2,0,0,5,0,0,0,0,0,0,0,0,4,8,0,0,0,0,3,0,1,26,0,0,0,0,0,0,13,0,2,0,3,1,1,10,8,0,0,0,7
2,3,0.0,0.0,6.0,0.0,0.0,0.0,15.0,0.0,0.0,0.0,0.0,1.0,0.0,0.0,0.0,58.0,0.0,0.0,1.0,0.0,0.0,0.0,0.0,0.0,0.0,56.0,0.0,0.0,0.0,0.0,9.0,0.0,1.0,83.0,0.0,0.0,0.0,0.0,0.0,10.0,35.0,0.0,2.0,0.0,0.0,5.0,3.0,0.0,0.0,0.0,0.0,0.0,2,0,0,3,0,0,0,6,0,0,0,0,1,0,0,0,20,0,0,1,0,0,0,0,0,0,22,0,0,0,0,4,0,1,22,0,0,0,0,0,5,12,0,2,0,0,3,3,0,0,0,0,0,8
2,4,0.0,0.0,17.0,0.0,0.0,0.0,0.0,0.0,0.0,0.0,0.0,0.0,0.0,0.0,0.0,65.0,0.0,0.0,0.0,0.0,0.0,0.0,0.0,0.0,0.0,51.0,0.0,0.0,0.0,4.0,5.0,0.0,4.0,69.0,0.0,0.0,0.0,0.0,0.0,4.0,22.0,0.0,6.0,0.0,6.0,40.0,5.0,0.0,0.0,0.0,0.0,0.0,3,0,0,4,0,0,0,0,0,0,0,0,0,0,0,0,20,0,0,0,0,0,0,0,0,0,14,0,0,0,2,4,0,3,26,0,0,0,0,0,2,9,0,3,0,2,18,4,0,0,0,0,0,9
2,5,0.0,0.0,13.0,0.0,0.0,0.0,0.0,0.0,0.0,0.0,16.0,0.0,0.0,0.0,0.0,33.0,0.0,0.0,0.0,0.0,0.0,0.0,0.0,0.0,0.0,30.0,0.0,0.0,0.0,3.0,2.0,0.0,0.0,112.0,0.0,0.0,0.0,0.0,0.0,7.0,27.0,0.0,3.0,0.0,0.0,1.0,3.0,0.0,0.0,0.0,0.0,0.0,4,0,0,4,0,0,0,0,0,0,0,3,0,0,0,0,10,0,0,0,0,0,0,0,0,0,11,0,0,0,1,2,0,0,23,0,0,0,0,0,3,11,0,1,0,0,1,1,0,0,0,0,0,10
2,6,0.0,0.0,3.0,0.0,0.0,0.0,0.0,0.0,0.0,0.0,0.0,0.0,0.0,0.0,0.0,70.0,0.0,0.0,0.0,0.0,0.0,0.0,0.0,0.0,0.0,49.0,0.0,0.0,0.0,3.0,3.0,0.0,0.0,86.0,0.0,0.0,0.0,0.0,0.0,0.0,25.0,0.0,0.0,0.0,0.0,18.0,3.0,5.0,0.0,0.0,0.0,0.0,5,0,0,3,0,0,0,0,0,0,0,0,0,0,0,0,17,0,0,0,0,0,0,0,0,0,13,0,0,0,1,3,0,0,19,0,0,0,0,0,0,9,0,0,0,0,6,3,3,0,0,0,0,11
2,7,0.0,0.0,0.0,0.0,0.0,0.0,0.0,0.0,0.0,0.0,0.0,0.0,0.0,0.0,0.0,22.0,0.0,0.0,1.0,0.0,0.0,0.0,0.0,0.0,46.0,40.0,0.0,0.0,0.0,1.0,1.0,0.0,0.0,73.0,0.0,0.0,0.0,0.0,0.0,4.0,32.0,0.0,4.0,0.0,1.0,6.0,0.0,1.0,0.0,0.0,0.0,0.0,6,0,0,0,0,0,0,0,0,0,0,0,0,0,0,0,10,0,0,1,0,0,0,0,0,13,16,0,0,0,1,1,0,0,21,0,0,0,0,0,2,14,0,2,0,1,3,0,1,0,0,0,0,12
2,8,0.0,0.0,5.0,0.0,0.0,0.0,0.0,0.0,0.0,0.0,1.0,0.0,0.0,0.0,0.0,42.0,0.0,0.0,0.0,0.0,0.0,0.0,0.0,0.0,52.0,26.0,0.0,0.0,0.0,2.0,4.0,0.0,0.0,110.0,0.0,0.0,0.0,0.0,0.0,5.0,30.0,0.0,1.0,0.0,0.0,1.0,4.0,1.0,0.0,0.0,0.0,0.0,7,0,0,3,0,0,0,0,0,0,0,1,0,0,0,0,9,0,0,0,0,0,0,0,0,10,8,0,0,0,2,2,0,0,26,0,0,0,0,0,3,11,0,1,0,0,1,2,1,0,0,0,0,13
2,9,0.0,0.0,13.0,0.0,0.0,0.0,0.0,0.0,0.0,0.0,0.0,0.0,0.0,0.0,0.0,34.0,0.0,0.0,0.0,0.0,0.0,0.0,0.0,0.0,0.0,53.0,0.0,0.0,0.0,1.0,8.0,0.0,0.0,80.0,0.0,0.0,0.0,0.0,0.0,6.0,38.0,0.0,4.0,0.0,0.0,2.0,2.0,0.0,0.0,0.0,0.0,0.0,8,0,0,5,0,0,0,0,0,0,0,0,0,0,0,0,9,0,0,0,0,0,0,0,0,0,10,0,0,0,1,6,0,0,21,0,0,0,0,0,3,13,0,3,0,0,1,2,0,0,0,0,0,14
2,10,1.0,0.0,9.0,0.0,4.0,0.0,0.0,0.0,0.0,0.0,4.0,0.0,11.0,0.0,0.0,43.0,0.0,0.0,0.0,0.0,0.0,0.0,0.0,0.0,0.0,27.0,0.0,0.0,0.0,9.0,12.0,0.0,10.0,90.0,0.0,0.0,0.0,0.0,0.0,10.0,17.0,0.0,6.0,0.0,8.0,15.0,5.0,3.0,3.0,0.0,0.0,0.0,9,1,0,8,0,2,0,0,0,0,0,3,0,3,0,0,21,0,0,0,0,0,0,0,0,0,13,0,0,0,5,11,0,6,33,0,0,0,0,0,8,11,0,5,0,2,7,4,3,1,0,0,0,15
2,11,0.0,0.0,1.0,0.0,0.0,0.0,0.0,0.0,0.0,0.0,1.0,0.0,3.0,0.0,0.0,26.0,0.0,0.0,0.0,0.0,0.0,0.0,0.0,0.0,0.0,31.0,0.0,0.0,0.0,4.0,0.0,0.0,3.0,79.0,0.0,0.0,0.0,0.0,0.0,1.0,18.0,0.0,6.0,0.0,12.0,2.0,10.0,0.0,0.0,0.0,0.0,0.0,10,0,0,1,0,0,0,0,0,0,0,1,0,3,0,0,12,0,0,0,0,0,0,0,0,0,11,0,0,0,1,0,0,3,26,0,0,0,0,0,1,8,0,4,0,6,1,2,0,0,0,0,0,16
2,12,0.0,0.0,5.0,0.0,0.0,0.0,0.0,0.0,0.0,0.0,1.0,0.0,0.0,0.0,0.0,60.0,0.0,0.0,0.0,0.0,0.0,0.0,0.0,0.0,0.0,55.0,0.0,0.0,0.0,1.0,2.0,0.0,1.0,124.0,0.0,0.0,0.0,0.0,0.0,3.0,57.0,0.0,3.0,0.0,0.0,13.0,4.0,7.0,0.0,0.0,0.0,0.0,11,0,0,2,0,0,0,0,0,0,0,1,0,0,0,0,13,0,0,0,0,0,0,0,0,0,15,0,0,0,1,2,0,1,25,0,0,0,0,0,2,13,0,2,0,0,5,2,1,0,0,0,0,17
2,13,0.0,0.0,5.0,0.0,0.0,0.0,0.0,0.0,0.0,0.0,3.0,0.0,0.0,0.0,0.0,38.0,0.0,0.0,0.0,0.0,0.0,0.0,0.0,0.0,0.0,50.0,0.0,0.0,0.0,5.0,8.0,0.0,0.0,92.0,0.0,0.0,0.0,0.0,0.0,9.0,27.0,0.0,0.0,0.0,0.0,7.0,3.0,3.0,0.0,0.0,0.0,0.0,12,0,0,3,0,0,0,0,0,0,0,2,0,0,0,0,14,0,0,0,0,0,0,0,0,0,14,0,0,0,3,5,0,0,27,0,0,0,0,0,2,7,0,0,0,0,4,2,2,0,0,0,0,18
2,14,0.0,0.0,3.0,0.0,0.0,0.0,0.0,0.0,0.0,0.0,9.0,0.0,3.0,0.0,0.0,25.0,0.0,0.0,0.0,0.0,0.0,0.0,0.0,0.0,0.0,33.0,0.0,0.0,0.0,10.0,8.0,0.0,0.0,101.0,1.0,0.0,0.0,0.0,0.0,5.0,28.0,0.0,1.0,0.0,6.0,13.0,2.0,8.0,1.0,0.0,0.0,0.0,13,0,0,2,0,0,0,0,0,0,0,4,0,1,0,0,8,0,0,0,0,0,0,0,0,0,11,0,0,0,6,3,0,0,28,1,0,0,0,0,4,17,0,1,0,4,6,2,3,1,0,0,0,19
2,15,0.0,0.0,5.0,0.0,0.0,0.0,0.0,0.0,0.0,0.0,0.0,0.0,27.0,0.0,0.0,12.0,0.0,0.0,0.0,0.0,0.0,4.0,0.0,0.0,55.0,22.0,0.0,0.0,0.0,9.0,4.0,0.0,5.0,76.0,0.0,0.0,0.0,0.0,0.0,0.0,26.0,0.0,9.0,0.0,15.0,2.0,1.0,0.0,0.0,0.0,0.0,0.0,14,0,0,3,0,0,0,0,0,0,0,0,0,7,0,0,6,0,0,0,0,0,1,0,0,18,6,0,0,0,5,3,0,4,25,0,0,0,0,0,0,10,0,5,0,4,2,1,0,0,0,0,0,20
2,16,0.0,0.0,4.0,0.0,0.0,0.0,0.0,0.0,0.0,0.0,1.0,0.0,0.0,12.0,0.0,19.0,0.0,0.0,0.0,0.0,0.0,0.0,0.0,0.0,16.0,17.0,0.0,11.0,0.0,13.0,5.0,0.0,2.0,48.0,0.0,0.0,0.0,0.0,0.0,2.0,24.0,0.0,3.0,0.0,5.0,4.0,0.0,0.0,0.0,0.0,0.0,0.0,15,0,0,2,0,0,0,0,0,0,0,1,0,0,5,0,6,0,0,0,0,0,0,0,0,6,8,0,4,0,3,3,0,1,23,0,0,0,0,0,2,12,0,3,0,1,2,0,0,0,0,0,0,21
2,17,0.0,0.0,4.0,0.0,0.0,0.0,0.0,0.0,0.0,0.0,4.0,8.0,0.0,0.0,0.0,53.0,0.0,0.0,0.0,0.0,0.0,0.0,0.0,0.0,0.0,35.0,0.0,0.0,0.0,5.0,4.0,0.0,1.0,59.0,0.0,0.0,0.0,0.0,0.0,3.0,20.0,0.0,5.0,0.0,0.0,7.0,5.0,4.0,0.0,0.0,0.0,0.0,16,0,0,3,0,0,0,0,0,0,0,3,3,0,0,0,20,0,0,0,0,0,0,0,0,0,14,0,0,0,3,3,0,1,23,0,0,0,0,0,3,9,0,4,0,0,5,1,1,0,0,0,0,22
2,18,0.0,0.0,4.0,0.0,0.0,0.0,0.0,0.0,0.0,0.0,4.0,0.0,1.0,0.0,0.0,23.0,0.0,0.0,0.0,0.0,0.0,0.0,0.0,0.0,0.0,18.0,0.0,0.0,0.0,6.0,5.0,0.0,2.0,78.0,2.0,0.0,0.0,0.0,0.0,1.0,21.0,0.0,0.0,0.0,1.0,10.0,7.0,13.0,0.0,0.0,0.0,0.0,17,0,0,2,0,0,0,0,0,0,0,1,0,1,0,0,8,0,0,0,0,0,0,0,0,0,8,0,0,0,2,3,0,2,20,1,0,0,0,0,1,10,0,0,0,1,5,4,4,0,0,0,0,23
2,19,0.0,0.0,12.0,0.0,0.0,0.0,4.0,0.0,0.0,0.0,0.0,0.0,0.0,0.0,0.0,45.0,0.0,0.0,0.0,0.0,0.0,0.0,0.0,0.0,5.0,22.0,0.0,0.0,0.0,4.0,14.0,0.0,1.0,87.0,0.0,0.0,0.0,0.0,0.0,7.0,26.0,0.0,2.0,0.0,0.0,3.0,3.0,8.0,0.0,0.0,0.0,0.0,18,0,0,5,0,0,0,1,0,0,0,0,0,0,0,0,15,0,0,0,0,0,0,0,0,1,11,0,0,0,3,8,0,1,24,0,0,0,0,0,4,14,0,1,0,0,3,3,3,0,0,0,0,24
2,20,0.0,0.0,7.0,0.0,0.0,0.0,0.0,0.0,0.0,0.0,1.0,0.0,0.0,0.0,0.0,71.0,0.0,0.0,0.0,0.0,0.0,0.0,5.0,0.0,0.0,20.0,0.0,0.0,0.0,5.0,6.0,0.0,0.0,50.0,0.0,0.0,0.0,0.0,0.0,6.0,15.0,0.0,3.0,0.0,0.0,7.0,6.0,5.0,0.0,0.0,0.0,0.0,19,0,0,4,0,0,0,0,0,0,0,1,0,0,0,0,24,0,0,0,0,0,0,1,0,0,8,0,0,0,2,5,0,0,12,0,0,0,0,0,4,7,0,2,0,0,3,2,2,0,0,0,0,25
2,21,0.0,0.0,12.0,0.0,0.0,0.0,0.0,0.0,0.0,0.0,3.0,0.0,0.0,0.0,0.0,33.0,0.0,0.0,0.0,0.0,0.0,0.0,0.0,0.0,0.0,28.0,0.0,0.0,0.0,2.0,3.0,0.0,0.0,88.0,0.0,0.0,0.0,0.0,0.0,9.0,24.0,0.0,12.0,0.0,0.0,4.0,4.0,22.0,0.0,0.0,0.0,0.0,20,0,0,8,0,0,0,0,0,0,0,3,0,0,0,0,16,0,0,0,0,0,0,0,0,0,12,0,0,0,1,2,0,0,33,0,0,0,0,0,3,11,0,6,0,0,2,3,9,0,0,0,0,26
2,22,0.0,0.0,5.0,2.0,1.0,0.0,30.0,0.0,0.0,0.0,4.0,0.0,8.0,0.0,0.0,34.0,0.0,0.0,0.0,0.0,0.0,0.0,0.0,0.0,40.0,52.0,0.0,0.0,0.0,1.0,16.0,0.0,1.0,103.0,0.0,0.0,0.0,0.0,0.0,4.0,45.0,0.0,8.0,0.0,11.0,1.0,3.0,5.0,0.0,0.0,0.0,0.0,21,0,0,3,2,1,0,7,0,0,0,4,0,3,0,0,13,0,0,0,0,0,0,0,0,7,14,0,0,0,1,8,0,1,22,0,0,0,0,0,3,17,0,3,0,4,1,2,4,0,0,0,0,27
3,1,0.0,8.0,4.0,0.0,0.0,0.0,0.0,0.0,0.0,0.0,1.0,0.0,0.0,0.0,0.0,18.0,0.0,0.0,0.0,0.0,0.0,0.0,0.0,0.0,12.0,13.0,0.0,1.0,1.0,1.0,1.0,0.0,2.0,63.0,0.0,0.0,0.0,0.0,0.0,17.0,12.0,0.0,3.0,0.0,4.0,1.0,1.0,10.0,0.0,0.0,0.0,0.0,0,0,4,4,0,0,0,0,0,0,0,1,0,0,0,0,11,0,0,0,0,0,0,0,0,3,9,0,1,1,1,1,0,2,28,0,0,0,0,0,13,6,0,2,0,2,1,1,4,0,0,0,0,28
3,2,0.0,0.0,10.0,0.0,0.0,0.0,0.0,0.0,0.0,0.0,2.0,0.0,0.0,0.0,0.0,44.0,0.0,0.0,0.0,0.0,0.0,2.0,0.0,0.0,15.0,32.0,0.0,27.0,0.0,8.0,3.0,0.0,1.0,122.0,0.0,0.0,0.0,0.0,0.0,0.0,30.0,0.0,2.0,0.0,0.0,8.0,1.0,6.0,0.0,0.0,1.0,0.0,1,0,0,7,0,0,0,0,0,0,0,1,0,0,0,0,19,0,0,0,0,0,1,0,0,4,9,0,11,0,4,1,0,1,31,0,0,0,0,0,0,10,0,1,0,0,3,1,2,0,0,1,0,29
3,3,0.0,10.0,13.0,0.0,0.0,0.0,0.0,0.0,0.0,0.0,3.0,0.0,0.0,0.0,0.0,77.0,0.0,0.0,0.0,0.0,0.0,0.0,0.0,0.0,28.0,17.0,0.0,8.0,8.0,8.0,5.0,0.0,0.0,83.0,0.0,0.0,0.0,0.0,0.0,0.0,20.0,0.0,5.0,0.0,2.0,1.0,3.0,0.0,0.0,0.0,0.0,0.0,2,0,3,8,0,0,0,0,0,0,0,2,0,0,0,0,24,0,0,0,0,0,0,0,0,9,8,0,2,5,3,4,0,0,27,0,0,0,0,0,0,12,0,4,0,1,1,2,0,0,0,0,0,30
3,4,0.0,4.0,7.0,0.0,0.0,0.0,0.0,0.0,0.0,0.0,6.0,0.0,0.0,0.0,0.0,40.0,0.0,0.0,0.0,0.0,0.0,0.0,0.0,0.0,17.0,19.0,0.0,3.0,15.0,5.0,9.0,1.0,1.0,106.0,0.0,0.0,0.0,0.0,0.0,0.0,34.0,0.0,3.0,0.0,15.0,7.0,6.0,10.0,0.0,0.0,0.0,0.0,3,0,2,6,0,0,0,0,0,0,0,1,0,0,0,0,17,0,0,0,0,0,0,0,0,3,8,0,1,6,4,6,1,1,31,0,0,0,0,0,0,13,0,3,0,4,4,3,5,0,0,0,0,31
3,5,0.0,8.0,4.0,2.0,0.0,0.0,0.0,0.0,0.0,0.0,0.0,0.0,0.0,0.0,0.0,57.0,0.0,0.0,0.0,0.0,0.0,0.0,0.0,0.0,11.0,47.0,0.0,0.0,13.0,6.0,4.0,0.0,0.0,44.0,0.0,0.0,0.0,0.0,0.0,0.0,56.0,0.0,2.0,0.0,0.0,43.0,9.0,1.0,0.0,0.0,0.0,0.0,4,0,3,1,1,0,0,0,0,0,0,0,0,0,0,0,24,0,0,0,0,0,0,0,0,3,6,0,0,4,2,4,0,0,15,0,0,0,0,0,0,11,0,2,0,0,23,6,1,0,0,0,0,32
3,6,0.0,18.0,10.0,0.0,0.0,0.0,19.0,0.0,0.0,0.0,1.0,2.0,0.0,0.0,0.0,8.0,0.0,0.0,0.0,0.0,0.0,0.0,0.0,0.0,12.0,20.0,0.0,2.0,15.0,20.0,9.0,0.0,2.0,77.0,0.0,0.0,0.0,0.0,0.0,0.0,26.0,0.0,2.0,0.0,1.0,12.0,1.0,2.0,0.0,0.0,0.0,0.0,5,0,8,6,0,0,0,5,0,0,0,1,2,0,0,0,5,0,0,0,0,0,0,0,0,1,11,0,1,8,7,6,0,2,23,0,0,0,0,0,0,11,0,2,0,1,3,1,1,0,0,0,0,33
3,7,0.0,5.0,7.0,0.0,0.0,0.0,0.0,0.0,0.0,0.0,0.0,0.0,4.0,0.0,0.0,38.0,0.0,0.0,0.0,0.0,0.0,0.0,0.0,0.0,32.0,21.0,0.0,12.0,9.0,2.0,12.0,0.0,0.0,67.0,2.0,0.0,0.0,0.0,0.0,0.0,22.0,0.0,8.0,0.0,4.0,7.0,1.0,3.0,0.0,0.0,0.0,0.0,6,0,3,4,0,0,0,0,0,0,0,0,0,1,0,0,10,0,0,0,0,0,0,0,0,6,9,0,4,5,2,4,0,0,17,1,0,0,0,0,0,9,0,4,0,3,5,1,2,0,0,0,0,34
3,8,0.0,55.0,7.0,0.0,0.0,0.0,0.0,0.0,0.0,0.0,2.0,0.0,0.0,0.0,0.0,84.0,0.0,0.0,0.0,0.0,0.0,0.0,0.0,0.0,6.0,81.0,0.0,0.0,30.0,6.0,21.0,0.0,11.0,149.0,1.0,0.0,0.0,0.0,0.0,0.0,45.0,0.0,8.0,0.0,0.0,11.0,4.0,16.0,0.0,0.0,0.0,0.0,7,0,15,3,0,0,0,0,0,0,0,2,0,0,0,0,24,0,0,0,0,0,0,0,0,1,18,0,0,9,2,10,0,5,37,1,0,0,0,0,0,11,0,2,0,0,5,4,5,0,0,0,0,35
3,9,0.0,17.0,10.0,0.0,0.0,0.0,0.0,0.0,0.0,0.0,2.0,0.0,0.0,0.0,0.0,4.0,0.0,0.0,0.0,0.0,0.0,0.0,0.0,0.0,7.0,31.0,0.0,0.0,10.0,0.0,13.0,0.0,1.0,54.0,0.0,0.0,0.0,0.0,0.0,0.0,16.0,0.0,1.0,0.0,0.0,3.0,2.0,4.0,0.0,0.0,0.0,0.0,8,0,7,3,0,0,0,0,0,0,0,1,0,0,0,0,3,0,0,0,0,0,0,0,0,1,9,0,0,5,0,5,0,1,17,0,0,0,0,0,0,9,0,1,0,0,2,2,2,0,0,0,0,36
3,10,0.0,28.0,51.0,0.0,0.0,2.0,18.0,0.0,0.0,0.0,4.0,0.0,3.0,0.0,0.0,62.0,0.0,1.0,0.0,0.0,0.0,0.0,0.0,0.0,0.0,45.0,0.0,0.0,35.0,19.0,15.0,1.0,3.0,115.0,0.0,0.0,0.0,0.0,0.0,1.0,57.0,0.0,15.0,0.0,6.0,22.0,5.0,15.0,0.0,0.0,0.0,0.0,9,0,14,19,0,0,1,3,0,0,0,4,0,1,0,0,22,0,1,0,0,0,0,0,0,0,21,0,0,13,6,12,1,3,32,0,0,0,0,0,1,20,0,10,0,2,7,4,5,0,0,0,0,37
3,11,0.0,10.0,7.0,0.0,0.0,0.0,0.0,0.0,0.0,0.0,4.0,0.0,6.0,0.0,0.0,39.0,0.0,2.0,0.0,0.0,0.0,0.0,0.0,0.0,14.0,33.0,0.0,0.0,9.0,2.0,10.0,0.0,2.0,100.0,0.0,0.0,0.0,0.0,0.0,0.0,43.0,0.0,5.0,0.0,7.0,2.0,10.0,9.0,0.0,0.0,0.0,0.0,10,0,5,5,0,0,0,0,0,0,0,3,0,2,0,0,15,0,1,0,0,0,0,0,0,3,12,0,0,6,2,8,0,2,31,0,0,0,0,0,0,17,0,4,0,4,2,5,2,0,0,0,0,38
3,12,0.0,29.0,13.0,0.0,0.0,0.0,0.0,0.0,0.0,0.0,0.0,0.0,0.0,0.0,0.0,33.0,0.0,0.0,0.0,0.0,0.0,1.0,0.0,0.0,1.0,29.0,0.0,0.0,15.0,2.0,4.0,5.0,0.0,48.0,0.0,0.0,0.0,0.0,0.0,0.0,9.0,0.0,10.0,0.0,0.0,8.0,8.0,0.0,0.0,0.0,0.0,0.0,11,0,15,6,0,0,0,0,0,0,0,0,0,0,0,0,14,0,0,0,0,0,1,0,0,1,12,0,0,8,1,1,2,0,16,0,0,0,0,0,0,3,0,5,0,0,5,4,0,0,0,0,0,39
3,13,0.0,40.0,14.0,0.0,0.0,0.0,0.0,0.0,0.0,0.0,3.0,0.0,0.0,0.0,0.0,25.0,0.0,1.0,0.0,0.0,0.0,0.0,0.0,0.0,0.0,25.0,0.0,0.0,4.0,0.0,3.0,0.0,2.0,48.0,0.0,0.0,0.0,0.0,0.0,11.0,10.0,0.0,3.0,0.0,0.0,3.0,2.0,0.0,0.0,0.0,0.0,0.0,12,0,12,6,0,0,0,0,0,0,0,1,0,0,0,0,12,0,1,0,0,0,0,0,0,0,9,0,0,2,0,2,0,1,15,0,0,0,0,0,5,6,0,2,0,0,1,1,0,0,0,0,0,40
3,14,0.0,0.0,5.0,0.0,1.0,0.0,0.0,0.0,0.0,0.0,0.0,0.0,0.0,0.0,0.0,29.0,0.0,0.0,0.0,0.0,0.0,0.0,0.0,0.0,6.0,25.0,0.0,0.0,15.0,3.0,3.0,0.0,2.0,77.0,0.0,0.0,0.0,0.0,0.0,0.0,30.0,0.0,0.0,0.0,1.0,6.0,1.0,0.0,0.0,0.0,0.0,0.0,13,0,0,4,0,1,0,0,0,0,0,0,0,0,0,0,13,0,0,0,0,0,0,0,0,2,10,0,0,5,1,2,0,2,27,0,0,0,0,0,0,10,0,0,0,1,3,1,0,0,0,0,0,41
3,15,0.0,0.0,3.0,0.0,7.0,0.0,0.0,0.0,0.0,0.0,0.0,3.0,0.0,0.0,0.0,25.0,0.0,0.0,0.0,0.0,0.0,0.0,0.0,0.0,0.0,19.0,0.0,0.0,4.0,6.0,4.0,0.0,1.0,49.0,0.0,0.0,0.0,0.0,0.0,0.0,15.0,0.0,15.0,0.0,9.0,0.0,2.0,2.0,0.0,0.0,0.0,0.0,14,0,0,2,0,3,0,0,0,0,0,0,2,0,0,0,14,0,0,0,0,0,0,0,0,0,13,0,0,3,3,3,0,1,21,0,0,0,0,0,0,7,0,7,0,3,0,1,2,0,0,0,0,42
3,16,0.0,0.0,5.0,0.0,0.0,0.0,0.0,0.0,0.0,0.0,8.0,0.0,0.0,0.0,0.0,25.0,0.0,0.0,0.0,0.0,0.0,0.0,0.0,0.0,0.0,20.0,0.0,0.0,6.0,11.0,7.0,0.0,12.0,65.0,0.0,0.0,0.0,0.0,0.0,9.0,29.0,0.0,0.0,0.0,8.0,16.0,2.0,3.0,0.0,0.0,0.0,4.0,15,0,0,4,0,0,0,0,0,0,0,5,0,0,0,0,16,0,0,0,0,0,0,0,0,0,6,0,0,4,4,3,0,5,21,0,0,0,0,0,2,11,0,0,0,4,10,2,2,0,0,0,1,43
3,17,0.0,0.0,3.0,0.0,0.0,0.0,0.0,0.0,0.0,0.0,2.0,0.0,0.0,8.0,0.0,35.0,0.0,0.0,1.0,0.0,0.0,0.0,0.0,0.0,47.0,22.0,0.0,0.0,14.0,4.0,12.0,1.0,2.0,85.0,0.0,0.0,0.0,0.0,0.0,1.0,24.0,0.0,0.0,0.0,24.0,12.0,5.0,5.0,0.0,0.0,3.0,0.0,16,0,0,3,0,0,0,0,0,0,0,2,0,0,5,0,15,0,0,1,0,0,0,0,0,14,10,0,0,6,3,7,1,1,24,0,0,0,0,0,1,12,0,0,0,6,3,2,2,0,0,1,0,44
3,18,0.0,2.0,11.0,0.0,0.0,0.0,0.0,0.0,0.0,0.0,3.0,0.0,43.0,0.0,0.0,18.0,0.0,0.0,0.0,0.0,0.0,0.0,0.0,0.0,30.0,41.0,0.0,0.0,16.0,14.0,8.0,0.0,0.0,107.0,0.0,0.0,0.0,0.0,0.0,4.0,16.0,0.0,4.0,0.0,8.0,9.0,4.0,17.0,0.0,0.0,0.0,0.0,17,0,2,5,0,0,0,0,0,0,0,2,0,9,0,0,10,0,0,0,0,0,0,0,0,6,13,0,0,5,3,7,0,0,26,0,0,0,0,0,1,8,0,2,0,3,2,3,9,0,0,0,0,45
3,19,0.0,34.0,5.0,0.0,0.0,0.0,0.0,0.0,0.0,0.0,4.0,0.0,32.0,0.0,0.0,70.0,0.0,0.0,2.0,0.0,0.0,1.0,0.0,0.0,0.0,31.0,0.0,0.0,5.0,11.0,22.0,0.0,0.0,102.0,0.0,1.0,0.0,0.0,0.0,3.0,21.0,0.0,3.0,0.0,0.0,9.0,5.0,8.0,0.0,0.0,0.0,0.0,18,0,14,3,0,0,0,0,0,0,0,3,0,8,0,0,20,0,0,2,0,0,1,0,0,0,11,0,0,3,5,11,0,0,29,0,1,0,0,0,2,11,0,2,0,0,6,4,2,0,0,0,0,46
3,20,0.0,56.0,25.0,0.0,0.0,0.0,0.0,0.0,0.0,0.0,15.0,0.0,0.0,0.0,0.0,42.0,0.0,0.0,0.0,0.0,0.0,0.0,0.0,0.0,0.0,74.0,0.0,0.0,4.0,25.0,10.0,0.0,0.0,68.0,0.0,0.0,0.0,0.0,0.0,9.0,16.0,0.0,1.0,0.0,0.0,3.0,1.0,0.0,0.0,0.0,0.0,0.0,19,0,13,10,0,0,0,0,0,0,0,11,0,0,0,0,20,0,0,0,0,0,0,0,0,0,22,0,0,2,9,5,0,0,24,0,0,0,0,0,6,11,0,1,0,0,3,1,0,0,0,0,0,47
3,21,0.0,16.0,11.0,1.0,0.0,0.0,0.0,0.0,0.0,0.0,6.0,0.0,0.0,0.0,0.0,46.0,0.0,0.0,0.0,0.0,0.0,0.0,0.0,0.0,17.0,33.0,0.0,0.0,15.0,7.0,11.0,0.0,5.0,92.0,0.0,0.0,0.0,0.0,0.0,0.0,36.0,0.0,12.0,0.0,0.0,5.0,2.0,7.0,0.0,0.0,0.0,0.0,20,0,9,9,1,0,0,0,0,0,0,5,0,0,0,0,17,0,0,0,0,0,0,0,0,3,11,0,0,10,5,5,0,4,28,0,0,0,0,0,0,17,0,6,0,0,2,1,3,0,0,0,0,48
3,22,1.0,21.0,8.0,0.0,0.0,0.0,0.0,0.0,0.0,0.0,2.0,0.0,0.0,9.0,0.0,50.0,0.0,0.0,1.0,0.0,6.0,0.0,0.0,0.0,0.0,30.0,0.0,0.0,9.0,9.0,6.0,0.0,7.0,145.0,0.0,0.0,0.0,0.0,0.0,5.0,30.0,0.0,5.0,0.0,0.0,5.0,12.0,4.0,0.0,0.0,0.0,0.0,21,1,13,5,0,0,0,0,0,0,0,2,0,0,1,0,19,0,0,1,0,2,0,0,0,0,13,0,0,4,4,5,0,5,48,0,0,0,0,0,5,17,0,5,0,0,2,7,2,0,0,0,0,49
3,23,0.0,30.0,6.0,0.0,0.0,0.0,0.0,0.0,0.0,0.0,3.0,0.0,0.0,47.0,0.0,70.0,0.0,0.0,1.0,0.0,0.0,0.0,0.0,0.0,43.0,65.0,0.0,0.0,40.0,7.0,17.0,0.0,6.0,123.0,0.0,0.0,0.0,0.0,0.0,12.0,51.0,0.0,5.0,0.0,0.0,4.0,7.0,0.0,0.0,0.0,0.0,0.0,22,0,13,3,0,0,0,0,0,0,0,3,0,0,9,0,19,0,0,1,0,0,0,0,0,9,18,0,0,15,3,7,0,3,33,0,0,0,0,0,7,28,0,3,0,0,3,3,0,0,0,0,0,50
4,1,0.0,10.0,50.0,0.0,1.0,0.0,0.0,0.0,0.0,0.0,9.0,0.0,5.0,0.0,0.0,57.0,0.0,0.0,0.0,0.0,0.0,0.0,0.0,0.0,7.0,53.0,0.0,0.0,0.0,7.0,21.0,0.0,25.0,160.0,0.0,0.0,0.0,0.0,0.0,14.0,84.0,0.0,9.0,0.0,0.0,8.0,10.0,11.0,0.0,0.0,0.0,0.0,0,0,10,13,0,1,0,0,0,0,0,5,0,2,0,0,16,0,0,0,0,0,0,0,0,3,21,0,0,0,5,9,0,5,50,0,0,0,0,0,10,27,0,7,0,0,4,8,6,0,0,0,0,51
4,2,0.0,14.0,23.0,0.0,0.0,0.0,0.0,0.0,0.0,0.0,15.0,0.0,0.0,0.0,0.0,74.0,0.0,0.0,0.0,0.0,0.0,0.0,0.0,0.0,17.0,48.0,0.0,0.0,0.0,24.0,16.0,0.0,0.0,158.0,0.0,0.0,0.0,0.0,0.0,8.0,56.0,0.0,13.0,0.0,0.0,85.0,5.0,18.0,0.0,0.0,0.0,0.0,1,0,7,7,0,0,0,0,0,0,0,7,0,0,0,0,22,0,0,0,0,0,0,0,0,3,16,0,0,0,10,4,0,0,41,0,0,0,0,0,5,18,0,6,0,0,23,2,4,0,0,0,0,52
4,3,5.0,47.0,52.0,0.0,0.0,0.0,0.0,0.0,0.0,0.0,1.0,0.0,9.0,0.0,0.0,88.0,0.0,0.0,1.0,0.0,0.0,0.0,0.0,0.0,6.0,70.0,0.0,0.0,0.0,12.0,17.0,4.0,14.0,156.0,0.0,0.0,0.0,0.0,0.0,12.0,31.0,0.0,9.0,0.0,0.0,7.0,7.0,8.0,0.0,0.0,0.0,0.0,2,2,17,21,0,0,0,0,0,0,0,1,0,2,0,0,26,0,0,1,0,0,0,0,0,1,20,0,0,0,4,12,1,4,31,0,0,0,0,0,10,13,0,6,0,0,5,5,3,0,0,0,0,53
4,4,0.0,25.0,10.0,0.0,0.0,0.0,0.0,0.0,0.0,0.0,7.0,0.0,10.0,0.0,0.0,53.0,0.0,0.0,0.0,0.0,0.0,0.0,0.0,0.0,40.0,52.0,0.0,0.0,0.0,13.0,12.0,0.0,1.0,159.0,0.0,0.0,13.0,0.0,0.0,32.0,56.0,0.0,3.0,0.0,0.0,21.0,7.0,2.0,0.0,0.0,0.0,0.0,3,0,5,3,0,0,0,0,0,0,0,4,0,5,0,0,20,0,0,0,0,0,0,0,0,9,20,0,0,0,4,5,0,1,45,0,0,3,0,0,11,29,0,3,0,0,4,4,1,0,0,0,0,54
4,5,0.0,21.0,2.0,0.0,0.0,1.0,0.0,0.0,0.0,0.0,2.0,0.0,10.0,0.0,3.0,11.0,0.0,0.0,3.0,0.0,0.0,0.0,0.0,0.0,0.0,47.0,0.0,0.0,0.0,0.0,3.0,0.0,3.0,92.0,0.0,0.0,0.0,0.0,0.0,1.0,22.0,0.0,7.0,0.0,0.0,8.0,1.0,2.0,0.0,0.0,0.0,0.0,4,0,8,2,0,0,1,0,0,0,0,2,0,2,0,1,6,0,0,3,0,0,0,0,0,0,14,0,0,0,0,3,0,2,25,0,0,0,0,0,1,9,0,4,0,0,2,1,1,0,0,0,0,55
4,6,1.0,12.0,1.0,0.0,0.0,0.0,0.0,0.0,0.0,0.0,0.0,0.0,0.0,0.0,0.0,44.0,0.0,0.0,0.0,0.0,0.0,0.0,0.0,0.0,0.0,78.0,0.0,0.0,25.0,0.0,2.0,0.0,1.0,90.0,2.0,0.0,0.0,0.0,0.0,12.0,26.0,0.0,2.0,0.0,0.0,0.0,10.0,10.0,0.0,0.0,0.0,0.0,5,1,8,1,0,0,0,0,0,0,0,0,0,0,0,0,15,0,0,0,0,0,0,0,0,0,18,0,0,9,0,1,0,1,22,2,0,0,0,0,6,12,0,1,0,0,0,6,5,0,0,0,0,56
4,7,0.0,7.0,7.0,0.0,0.0,0.0,0.0,0.0,0.0,0.0,12.0,0.0,0.0,0.0,0.0,36.0,0.0,1.0,0.0,0.0,0.0,0.0,0.0,0.0,0.0,69.0,0.0,0.0,0.0,1.0,2.0,0.0,5.0,82.0,0.0,0.0,0.0,0.0,0.0,7.0,23.0,0.0,4.0,0.0,0.0,0.0,2.0,16.0,0.0,0.0,0.0,0.0,6,0,1,3,0,0,0,0,0,0,0,4,0,0,0,0,16,0,1,0,0,0,0,0,0,0,22,0,0,0,1,2,0,3,31,0,0,0,0,0,3,11,0,4,0,0,0,1,6,0,0,0,0,57
4,8,0.0,6.0,1.0,0.0,0.0,0.0,0.0,0.0,0.0,0.0,3.0,0.0,3.0,3.0,1.0,5.0,0.0,0.0,0.0,0.0,0.0,0.0,0.0,0.0,30.0,27.0,0.0,0.0,0.0,15.0,4.0,5.0,1.0,89.0,0.0,0.0,0.0,0.0,0.0,4.0,25.0,0.0,3.0,0.0,0.0,10.0,3.0,4.0,0.0,0.0,0.0,0.0,7,0,2,1,0,0,0,0,0,0,0,1,0,2,1,1,4,0,0,0,0,0,0,0,0,10,11,0,0,0,7,2,4,1,21,0,0,0,0,0,2,10,0,1,0,0,3,1,4,0,0,0,0,58
4,9,1.0,14.0,14.0,0.0,0.0,0.0,0.0,0.0,0.0,0.0,0.0,0.0,0.0,0.0,0.0,18.0,0.0,0.0,0.0,0.0,0.0,0.0,0.0,0.0,90.0,42.0,0.0,0.0,0.0,0.0,0.0,0.0,0.0,101.0,0.0,0.0,0.0,0.0,0.0,0.0,35.0,0.0,1.0,0.0,0.0,0.0,1.0,0.0,0.0,0.0,0.0,5.0,8,1,7,8,0,0,0,0,0,0,0,0,0,0,0,0,9,0,0,0,0,0,0,0,0,18,14,0,0,0,0,0,0,0,17,0,0,0,0,0,0,19,0,1,0,0,0,1,0,0,0,0,3,59
4,10,0.0,14.0,4.0,0.0,1.0,0.0,0.0,0.0,0.0,0.0,3.0,0.0,0.0,0.0,0.0,22.0,0.0,0.0,0.0,0.0,0.0,0.0,0.0,0.0,0.0,26.0,0.0,0.0,0.0,7.0,20.0,0.0,0.0,100.0,0.0,0.0,0.0,0.0,0.0,2.0,42.0,0.0,9.0,0.0,0.0,0.0,1.0,1.0,0.0,0.0,0.0,0.0,9,0,6,2,0,1,0,0,0,0,0,2,0,0,0,0,9,0,0,0,0,0,0,0,0,0,8,0,0,0,1,10,0,0,30,0,0,0,0,0,2,13,0,3,0,0,0,1,1,0,0,0,0,60
4,11,0.0,4.0,5.0,0.0,0.0,0.0,0.0,0.0,0.0,0.0,2.0,0.0,0.0,0.0,0.0,48.0,0.0,0.0,0.0,0.0,0.0,0.0,6.0,0.0,0.0,43.0,0.0,0.0,0.0,5.0,4.0,0.0,1.0,104.0,0.0,0.0,0.0,0.0,0.0,8.0,17.0,0.0,5.0,0.0,0.0,70.0,6.0,8.0,0.0,0.0,0.0,0.0,10,0,4,4,0,0,0,0,0,0,0,2,0,0,0,0,16,0,0,0,0,0,0,3,0,0,14,0,0,0,3,4,0,1,27,0,0,0,0,0,6,9,0,4,0,0,18,4,4,0,0,0,0,61
4,12,0.0,23.0,3.0,0.0,0.0,0.0,0.0,0.0,0.0,0.0,1.0,0.0,13.0,0.0,0.0,32.0,0.0,0.0,0.0,0.0,0.0,0.0,0.0,0.0,0.0,31.0,0.0,0.0,0.0,6.0,8.0,0.0,1.0,99.0,0.0,0.0,0.0,0.0,0.0,2.0,30.0,0.0,9.0,0.0,0.0,14.0,23.0,13.0,0.0,0.0,0.0,0.0,11,0,6,1,0,0,0,0,0,0,0,1,0,1,0,0,8,0,0,0,0,0,0,0,0,0,9,0,0,0,4,4,0,1,17,0,0,0,0,0,2,14,0,3,0,0,3,6,4,0,0,0,0,62
4,13,0.0,14.0,4.0,0.0,0.0,0.0,0.0,0.0,0.0,0.0,4.0,0.0,6.0,0.0,0.0,10.0,0.0,0.0,0.0,0.0,0.0,0.0,0.0,0.0,0.0,21.0,0.0,0.0,0.0,1.0,9.0,0.0,1.0,76.0,0.0,0.0,0.0,0.0,0.0,5.0,34.0,0.0,2.0,0.0,0.0,0.0,0.0,0.0,0.0,0.0,0.0,0.0,12,0,9,3,0,0,0,0,0,0,0,2,0,3,0,0,7,0,0,0,0,0,0,0,0,0,12,0,0,0,1,8,0,1,23,0,0,0,0,0,4,11,0,1,0,0,0,0,0,0,0,0,0,63
4,14,0.0,12.0,17.0,0.0,1.0,0.0,0.0,0.0,0.0,0.0,8.0,0.0,3.0,0.0,0.0,49.0,0.0,0.0,0.0,0.0,0.0,0.0,1.0,73.0,24.0,77.0,0.0,0.0,0.0,4.0,23.0,0.0,9.0,167.0,0.0,0.0,0.0,0.0,0.0,4.0,47.0,0.0,23.0,0.0,0.0,5.0,5.0,51.0,0.0,0.0,0.0,0.0,13,0,5,8,0,1,0,0,0,0,0,4,0,3,0,0,15,0,0,0,0,0,0,1,20,4,25,0,0,0,3,8,0,5,38,0,0,0,0,0,2,21,0,11,0,0,1,3,19,0,0,0,0,64
5,1,0.0,31.0,26.0,0.0,0.0,0.0,0.0,0.0,0.0,0.0,5.0,0.0,13.0,0.0,0.0,61.0,0.0,0.0,0.0,0.0,0.0,0.0,0.0,56.0,13.0,68.0,0.0,0.0,0.0,17.0,14.0,0.0,7.0,130.0,0.0,2.0,0.0,0.0,0.0,24.0,36.0,0.0,16.0,0.0,0.0,20.0,8.0,3.0,0.0,0.0,0.0,0.0,0,0,15,11,0,0,0,0,0,0,0,5,0,9,0,0,29,0,0,0,0,0,0,0,21,4,29,0,0,0,11,7,0,6,43,0,1,0,0,0,12,12,0,9,0,0,10,6,2,0,0,0,0,65
5,2,0.0,12.0,2.0,0.0,0.0,0.0,0.0,0.0,0.0,0.0,2.0,0.0,0.0,0.0,0.0,14.0,0.0,0.0,0.0,0.0,0.0,0.0,0.0,53.0,0.0,29.0,0.0,0.0,0.0,3.0,13.0,0.0,23.0,64.0,0.0,3.0,0.0,0.0,0.0,7.0,9.0,0.0,6.0,0.0,0.0,12.0,5.0,0.0,0.0,0.0,0.0,0.0,1,0,5,2,0,0,0,0,0,0,0,2,0,0,0,0,6,0,0,0,0,0,0,0,14,0,7,0,0,0,1,7,0,6,15,0,2,0,0,0,4,1,0,4,0,0,5,4,0,0,0,0,0,66
5,3,0.0,13.0,16.0,0.0,0.0,0.0,0.0,0.0,0.0,0.0,2.0,0.0,9.0,0.0,0.0,39.0,0.0,0.0,0.0,0.0,0.0,0.0,0.0,14.0,51.0,28.0,0.0,0.0,0.0,2.0,12.0,0.0,1.0,83.0,0.0,0.0,0.0,0.0,0.0,4.0,25.0,0.0,7.0,0.0,0.0,0.0,2.0,3.0,0.0,0.0,0.0,0.0,2,0,4,6,0,0,0,0,0,0,0,1,0,1,0,0,18,0,0,0,0,0,0,0,6,17,6,0,0,0,2,5,0,1,21,0,0,0,0,0,4,4,0,3,0,0,0,2,1,0,0,0,0,67
5,4,1.0,7.0,8.0,10.0,0.0,0.0,0.0,0.0,0.0,0.0,2.0,0.0,8.0,0.0,5.0,33.0,0.0,0.0,0.0,0.0,0.0,0.0,0.0,36.0,0.0,36.0,0.0,0.0,0.0,0.0,5.0,0.0,0.0,94.0,0.0,0.0,0.0,0.0,0.0,5.0,11.0,0.0,24.0,0.0,14.0,0.0,1.0,0.0,0.0,0.0,0.0,0.0,3,1,3,4,2,0,0,0,0,0,0,2,0,3,0,3,12,0,0,0,0,0,0,0,8,0,11,0,0,0,0,2,0,0,21,0,0,0,0,0,4,8,0,9,0,2,0,1,0,0,0,0,0,68
5,5,0.0,44.0,8.0,0.0,0.0,0.0,0.0,0.0,0.0,0.0,2.0,0.0,55.0,0.0,0.0,38.0,0.0,0.0,0.0,0.0,0.0,0.0,0.0,73.0,0.0,25.0,0.0,0.0,0.0,7.0,5.0,0.0,1.0,101.0,0.0,0.0,0.0,0.0,0.0,6.0,25.0,15.0,5.0,0.0,0.0,4.0,1.0,0.0,0.0,0.0,0.0,0.0,4,0,12,3,0,0,0,0,0,0,0,2,0,18,0,0,9,0,0,0,0,0,0,0,18,0,8,0,0,0,2,2,0,1,24,0,0,0,0,0,2,10,4,3,0,0,2,1,0,0,0,0,0,69
5,6,0.0,29.0,6.0,0.0,0.0,0.0,0.0,0.0,0.0,0.0,0.0,0.0,1.0,0.0,0.0,99.0,0.0,0.0,0.0,0.0,1.0,0.0,0.0,0.0,0.0,111.0,0.0,0.0,0.0,23.0,2.0,0.0,1.0,73.0,0.0,0.0,0.0,0.0,0.0,0.0,34.0,0.0,4.0,0.0,0.0,6.0,4.0,0.0,0.0,0.0,0.0,0.0,5,0,12,2,0,0,0,0,0,0,0,0,0,1,0,0,21,0,0,0,0,1,0,0,0,0,25,0,0,0,5,1,0,1,16,0,0,0,0,0,0,15,0,2,0,0,1,2,0,0,0,0,0,70
5,7,0.0,69.0,10.0,0.0,0.0,0.0,0.0,0.0,0.0,0.0,1.0,0.0,0.0,0.0,14.0,16.0,0.0,0.0,0.0,0.0,0.0,1.0,0.0,0.0,0.0,22.0,0.0,0.0,0.0,15.0,2.0,0.0,5.0,77.0,0.0,0.0,0.0,0.0,0.0,38.0,14.0,0.0,2.0,0.0,0.0,13.0,3.0,0.0,0.0,0.0,0.0,0.0,6,0,11,2,0,0,0,0,0,0,0,1,0,0,0,4,4,0,0,0,0,0,1,0,0,0,7,0,0,0,5,2,0,3,17,0,0,0,0,0,9,2,0,2,0,0,4,2,0,0,0,0,0,71
5,8,0.0,6.0,2.0,0.0,0.0,0.0,0.0,0.0,0.0,0.0,2.0,0.0,0.0,11.0,0.0,38.0,0.0,0.0,0.0,0.0,0.0,0.0,0.0,0.0,0.0,31.0,0.0,0.0,0.0,10.0,2.0,0.0,2.0,90.0,0.0,0.0,0.0,0.0,0.0,3.0,26.0,0.0,3.0,0.0,0.0,18.0,0.0,29.0,0.0,0.0,0.0,0.0,7,0,3,2,0,0,0,0,0,0,0,2,0,0,2,0,10,0,0,0,0,0,0,0,0,0,8,0,0,0,4,2,0,1,15,0,0,0,0,0,1,8,0,1,0,0,4,0,5,0,0,0,0,72
5,9,0.0,18.0,23.0,0.0,0.0,0.0,0.0,0.0,0.0,0.0,1.0,0.0,0.0,6.0,0.0,29.0,0.0,0.0,0.0,0.0,0.0,0.0,13.0,0.0,0.0,31.0,0.0,0.0,0.0,1.0,3.0,0.0,1.0,100.0,0.0,0.0,0.0,0.0,0.0,31.0,58.0,0.0,2.0,0.0,0.0,0.0,4.0,2.0,0.0,0.0,0.0,0.0,8,0,8,6,0,0,0,0,0,0,0,1,0,0,1,0,5,0,0,0,0,0,0,1,0,0,11,0,0,0,1,2,0,1,15,0,0,0,0,0,8,14,0,2,0,0,0,4,1,0,0,0,0,73
5,10,0.0,8.0,12.0,0.0,0.0,0.0,0.0,0.0,0.0,0.0,1.0,0.0,6.0,0.0,0.0,27.0,0.0,0.0,0.0,0.0,0.0,3.0,0.0,0.0,0.0,26.0,0.0,0.0,0.0,1.0,3.0,0.0,36.0,65.0,0.0,0.0,0.0,0.0,0.0,5.0,6.0,0.0,19.0,0.0,0.0,0.0,4.0,15.0,0.0,0.0,0.0,0.0,9,0,5,8,0,0,0,0,0,0,0,1,0,1,0,0,15,0,0,0,0,0,1,0,0,0,12,0,0,0,1,2,0,10,17,0,0,0,0,0,2,3,0,11,0,0,0,3,7,0,0,0,0,74
5,11,0.0,65.0,22.0,0.0,0.0,0.0,0.0,0.0,0.0,0.0,2.0,0.0,0.0,8.0,0.0,66.0,0.0,0.0,1.0,0.0,0.0,0.0,0.0,0.0,0.0,34.0,0.0,0.0,0.0,2.0,8.0,0.0,6.0,52.0,0.0,0.0,0.0,0.0,0.0,10.0,9.0,0.0,3.0,0.0,0.0,0.0,2.0,0.0,0.0,0.0,0.0,0.0,10,0,12,7,0,0,0,0,0,0,0,2,0,0,3,0,17,0,0,1,0,0,0,0,0,0,12,0,0,0,2,4,0,5,14,0,0,0,0,0,7,5,0,2,0,0,0,2,0,0,0,0,0,75
5,12,0.0,5.0,3.0,0.0,0.0,0.0,0.0,0.0,0.0,0.0,1.0,0.0,0.0,9.0,0.0,73.0,0.0,0.0,0.0,0.0,0.0,0.0,0.0,0.0,0.0,13.0,0.0,0.0,0.0,2.0,14.0,0.0,2.0,90.0,0.0,0.0,0.0,0.0,0.0,3.0,5.0,0.0,4.0,0.0,0.0,0.0,5.0,0.0,0.0,0.0,0.0,0.0,11,0,3,3,0,0,0,0,0,0,0,1,0,0,2,0,12,0,0,0,0,0,0,0,0,0,6,0,0,0,2,6,0,1,14,0,0,0,0,0,3,5,0,3,0,0,0,4,0,0,0,0,0,76
5,13,0.0,23.0,16.0,0.0,0.0,0.0,0.0,0.0,0.0,0.0,4.0,0.0,6.0,1.0,9.0,73.0,0.0,0.0,3.0,0.0,1.0,0.0,0.0,0.0,0.0,35.0,0.0,0.0,0.0,3.0,8.0,0.0,3.0,118.0,0.0,0.0,0.0,0.0,0.0,11.0,32.0,0.0,11.0,0.0,0.0,0.0,28.0,0.0,0.0,0.0,0.0,0.0,12,0,11,5,0,0,0,0,0,0,0,2,0,1,1,2,16,0,0,2,0,1,0,0,0,0,17,0,0,0,3,6,0,2,33,0,0,0,0,0,6,19,0,8,0,0,0,11,0,0,0,0,0,77
5,14,0.0,27.0,0.0,0.0,0.0,0.0,0.0,0.0,0.0,0.0,5.0,0.0,0.0,0.0,0.0,25.0,0.0,0.0,0.0,0.0,0.0,0.0,0.0,0.0,0.0,34.0,0.0,0.0,20.0,8.0,0.0,0.0,0.0,55.0,0.0,0.0,0.0,0.0,0.0,1.0,35.0,0.0,3.0,0.0,0.0,0.0,7.0,0.0,0.0,0.0,0.0,0.0,13,0,9,0,0,0,0,0,0,0,0,2,0,0,0,0,6,0,0,0,0,0,0,0,0,0,7,0,0,4,3,0,0,0,12,0,0,0,0,0,1,10,0,2,0,0,0,4,0,0,0,0,0,78
5,15,1.0,0.0,19.0,0.0,0.0,0.0,0.0,0.0,0.0,0.0,2.0,0.0,0.0,0.0,0.0,33.0,0.0,0.0,0.0,0.0,0.0,0.0,0.0,0.0,0.0,33.0,0.0,0.0,2.0,18.0,18.0,1.0,9.0,50.0,0.0,0.0,0.0,0.0,0.0,13.0,38.0,0.0,1.0,0.0,0.0,0.0,2.0,0.0,0.0,0.0,0.0,1.0,14,1,0,6,0,0,0,0,0,0,0,2,0,0,0,0,7,0,0,0,0,0,0,0,0,0,7,0,0,1,3,8,1,4,12,0,0,0,0,0,8,12,0,1,0,0,0,2,0,0,0,0,1,79
5,16,0.0,0.0,4.0,9.0,0.0,0.0,0.0,0.0,0.0,0.0,0.0,0.0,0.0,0.0,0.0,31.0,0.0,0.0,0.0,0.0,0.0,0.0,1.0,0.0,0.0,35.0,0.0,0.0,0.0,9.0,15.0,0.0,3.0,86.0,0.0,0.0,0.0,0.0,0.0,14.0,32.0,0.0,11.0,0.0,0.0,0.0,2.0,0.0,0.0,0.0,0.0,0.0,15,0,0,1,3,0,0,0,0,0,0,0,0,0,0,0,9,0,0,0,0,0,0,1,0,0,10,0,0,0,5,7,0,2,19,0,0,0,0,0,4,12,0,5,0,0,0,1,0,0,0,0,0,80
5,17,0.0,12.0,0.0,0.0,0.0,0.0,0.0,0.0,0.0,0.0,2.0,0.0,3.0,25.0,0.0,71.0,0.0,0.0,0.0,0.0,0.0,0.0,0.0,0.0,0.0,39.0,0.0,0.0,0.0,0.0,10.0,0.0,0.0,113.0,0.0,0.0,0.0,0.0,0.0,7.0,24.0,0.0,0.0,0.0,0.0,0.0,1.0,0.0,0.0,0.0,0.0,0.0,16,0,6,0,0,0,0,0,0,0,0,2,0,1,4,0,12,0,0,0,0,0,0,0,0,0,11,0,0,0,0,4,0,0,20,0,0,0,0,0,3,10,0,0,0,0,0,1,0,0,0,0,0,81
5,18,0.0,6.0,8.0,0.0,0.0,0.0,0.0,0.0,66.0,0.0,2.0,0.0,0.0,18.0,0.0,21.0,0.0,0.0,0.0,0.0,0.0,0.0,0.0,0.0,0.0,30.0,0.0,0.0,0.0,7.0,5.0,0.0,1.0,104.0,0.0,0.0,0.0,0.0,0.0,3.0,14.0,0.0,3.0,0.0,0.0,0.0,2.0,0.0,0.0,0.0,0.0,0.0,17,0,4,6,0,0,0,0,0,13,0,1,0,0,4,0,7,0,0,0,0,0,0,0,0,0,11,0,0,0,5,2,0,1,21,0,0,0,0,0,2,9,0,2,0,0,0,1,0,0,0,0,0,82
5,19,0.0,14.0,6.0,0.0,0.0,0.0,0.0,0.0,25.0,0.0,1.0,0.0,0.0,0.0,0.0,12.0,0.0,0.0,1.0,0.0,0.0,0.0,3.0,0.0,0.0,26.0,0.0,0.0,0.0,6.0,13.0,0.0,2.0,88.0,0.0,0.0,0.0,0.0,0.0,12.0,38.0,0.0,3.0,0.0,0.0,0.0,7.0,1.0,0.0,0.0,0.0,0.0,18,0,5,5,0,0,0,0,0,9,0,1,0,0,0,0,5,0,0,1,0,0,0,1,0,0,6,0,0,0,3,8,0,2,21,0,0,0,0,0,7,14,0,2,0,0,0,4,1,0,0,0,0,83
5,20,0.0,16.0,3.0,0.0,0.0,0.0,0.0,0.0,40.0,0.0,1.0,0.0,0.0,0.0,0.0,17.0,0.0,0.0,0.0,0.0,0.0,0.0,0.0,0.0,0.0,35.0,0.0,0.0,0.0,1.0,10.0,0.0,0.0,78.0,0.0,1.0,0.0,0.0,0.0,1.0,65.0,0.0,2.0,0.0,0.0,11.0,4.0,0.0,0.0,0.0,0.0,0.0,19,0,8,3,0,0,0,0,0,8,0,1,0,0,0,0,6,0,0,0,0,0,0,0,0,0,10,0,0,0,1,3,0,0,19,0,1,0,0,0,1,15,0,2,0,0,5,3,0,0,0,0,0,84
5,21,0.0,18.0,0.0,0.0,0.0,0.0,0.0,0.0,25.0,0.0,2.0,0.0,0.0,0.0,0.0,28.0,16.0,0.0,0.0,0.0,0.0,0.0,0.0,0.0,0.0,28.0,0.0,0.0,0.0,5.0,2.0,1.0,1.0,46.0,0.0,0.0,0.0,0.0,0.0,5.0,45.0,0.0,1.0,0.0,0.0,25.0,3.0,3.0,0.0,0.0,0.0,0.0,20,0,5,0,0,0,0,0,0,7,0,1,0,0,0,0,6,4,0,0,0,0,0,0,0,0,11,0,0,0,2,2,1,1,18,0,0,0,0,0,1,12,0,1,0,0,9,1,2,0,0,0,0,85
5,22,0.0,31.0,0.0,0.0,0.0,0.0,0.0,0.0,14.0,0.0,0.0,0.0,0.0,0.0,0.0,83.0,0.0,0.0,0.0,0.0,0.0,0.0,0.0,0.0,0.0,27.0,0.0,0.0,0.0,1.0,1.0,0.0,0.0,95.0,0.0,0.0,0.0,0.0,0.0,0.0,18.0,0.0,5.0,0.0,0.0,9.0,1.0,0.0,0.0,0.0,0.0,0.0,21,0,11,0,0,0,0,0,0,3,0,0,0,0,0,0,21,0,0,0,0,0,0,0,0,0,10,0,0,0,1,1,0,0,22,0,0,0,0,0,0,11,0,3,0,0,6,1,0,0,0,0,0,86
5,23,0.0,3.0,2.0,0.0,0.0,0.0,0.0,0.0,39.0,0.0,0.0,0.0,0.0,36.0,1.0,25.0,1.0,0.0,0.0,0.0,0.0,0.0,0.0,0.0,0.0,29.0,0.0,0.0,0.0,2.0,1.0,0.0,0.0,76.0,0.0,0.0,0.0,0.0,0.0,0.0,33.0,0.0,1.0,0.0,0.0,24.0,1.0,0.0,0.0,0.0,0.0,0.0,22,0,1,2,0,0,0,0,0,11,0,0,0,0,8,1,8,1,0,0,0,0,0,0,0,0,8,0,0,0,2,1,0,0,19,0,0,0,0,0,0,14,0,1,0,0,11,1,0,0,0,0,0,87
5,24,0.0,12.0,5.0,0.0,0.0,0.0,0.0,0.0,0.0,0.0,9.0,0.0,1.0,0.0,0.0,49.0,10.0,0.0,0.0,0.0,0.0,0.0,0.0,0.0,0.0,29.0,0.0,0.0,0.0,2.0,1.0,0.0,8.0,95.0,0.0,0.0,0.0,0.0,0.0,5.0,30.0,0.0,13.0,0.0,0.0,25.0,12.0,13.0,0.0,0.0,0.0,0.0,23,0,6,3,0,0,0,0,0,0,0,3,0,1,0,0,11,4,0,0,0,0,0,0,0,0,8,0,0,0,2,1,0,4,18,0,0,0,0,0,3,9,0,6,0,0,7,6,5,0,0,0,0,88
5,25,0.0,16.0,17.0,0.0,2.0,0.0,0.0,0.0,0.0,0.0,3.0,0.0,0.0,0.0,0.0,32.0,23.0,0.0,0.0,0.0,0.0,0.0,0.0,0.0,0.0,17.0,0.0,0.0,0.0,11.0,15.0,0.0,1.0,85.0,0.0,0.0,0.0,0.0,0.0,6.0,19.0,0.0,27.0,0.0,0.0,2.0,2.0,0.0,0.0,0.0,0.0,0.0,24,0,6,6,0,1,0,0,0,0,0,2,0,0,0,0,17,8,0,0,0,0,0,0,0,0,7,0,0,0,3,5,0,1,25,0,0,0,0,0,4,9,0,11,0,0,2,2,0,0,0,0,0,89
5,26,0.0,12.0,3.0,0.0,0.0,1.0,0.0,0.0,12.0,0.0,0.0,0.0,0.0,13.0,0.0,41.0,3.0,0.0,0.0,0.0,0.0,0.0,0.0,38.0,0.0,24.0,0.0,0.0,0.0,0.0,5.0,1.0,2.0,55.0,0.0,0.0,0.0,0.0,0.0,2.0,25.0,0.0,4.0,0.0,0.0,0.0,2.0,2.0,0.0,0.0,0.0,1.0,25,0,6,2,0,0,1,0,0,5,0,0,0,0,6,0,17,3,0,0,0,0,0,0,9,0,11,0,0,0,0,4,1,2,15,0,0,0,0,0,2,12,0,3,0,0,0,2,1,0,0,0,1,90
6,1,0.0,38.0,5.0,0.0,0.0,0.0,0.0,0.0,0.0,0.0,6.0,0.0,0.0,0.0,0.0,20.0,7.0,0.0,3.0,0.0,0.0,0.0,0.0,0.0,0.0,42.0,0.0,0.0,0.0,9.0,14.0,0.0,4.0,95.0,0.0,0.0,0.0,0.0,0.0,10.0,27.0,0.0,7.0,0.0,0.0,1.0,12.0,1.0,0.0,0.0,0.0,0.0,0,0,6,2,0,0,0,0,0,0,0,5,0,0,0,0,7,5,0,2,0,0,0,0,0,0,9,0,0,0,5,6,0,3,22,0,0,0,0,0,4,10,0,4,0,0,1,3,1,0,0,0,0,91
6,2,0.0,7.0,3.0,0.0,0.0,0.0,0.0,0.0,0.0,0.0,4.0,0.0,15.0,34.0,1.0,32.0,3.0,0.0,0.0,0.0,0.0,0.0,0.0,0.0,0.0,19.0,0.0,0.0,0.0,3.0,1.0,0.0,6.0,71.0,0.0,0.0,0.0,0.0,0.0,7.0,24.0,0.0,2.0,0.0,0.0,5.0,2.0,26.0,0.0,0.0,0.0,0.0,1,0,2,1,0,0,0,0,0,0,0,1,0,3,8,1,6,2,0,0,0,0,0,0,0,0,10,0,0,0,2,1,0,1,19,0,0,0,0,0,1,6,0,2,0,0,1,2,6,0,0,0,0,92
6,3,0.0,3.0,5.0,0.0,0.0,0.0,0.0,0.0,0.0,0.0,3.0,0.0,0.0,0.0,6.0,29.0,3.0,0.0,0.0,0.0,0.0,0.0,0.0,0.0,0.0,91.0,0.0,0.0,0.0,4.0,14.0,0.0,9.0,86.0,0.0,0.0,0.0,0.0,0.0,12.0,17.0,0.0,13.0,0.0,0.0,5.0,3.0,0.0,0.0,0.0,0.0,0.0,2,0,3,3,0,0,0,0,0,0,0,3,0,0,0,1,10,3,0,0,0,0,0,0,0,0,13,0,0,0,2,5,0,4,12,0,0,0,0,0,4,8,0,5,0,0,2,3,0,0,0,0,0,93
6,4,0.0,33.0,12.0,0.0,0.0,0.0,0.0,0.0,0.0,0.0,0.0,0.0,0.0,0.0,0.0,84.0,10.0,0.0,1.0,0.0,0.0,0.0,0.0,0.0,0.0,56.0,0.0,0.0,0.0,3.0,30.0,0.0,6.0,129.0,1.0,1.0,0.0,0.0,0.0,9.0,70.0,6.0,3.0,0.0,0.0,3.0,7.0,4.0,0.0,0.0,0.0,0.0,3,0,16,5,0,0,0,0,0,0,0,0,0,0,0,0,21,7,0,1,0,0,0,0,0,0,17,0,0,0,3,13,0,4,31,1,1,0,0,0,5,23,2,3,0,0,2,3,2,0,0,0,0,94
6,5,0.0,57.0,0.0,0.0,0.0,0.0,0.0,0.0,0.0,0.0,1.0,0.0,0.0,0.0,0.0,50.0,7.0,0.0,0.0,0.0,0.0,0.0,0.0,0.0,0.0,14.0,0.0,0.0,0.0,0.0,17.0,0.0,3.0,122.0,0.0,0.0,0.0,0.0,0.0,18.0,5.0,0.0,1.0,0.0,0.0,4.0,0.0,3.0,0.0,0.0,0.0,4.0,4,0,16,0,0,0,0,0,0,0,0,1,0,0,0,0,15,2,0,0,0,0,0,0,0,0,2,0,0,0,0,5,0,1,22,0,0,0,0,0,7,2,0,1,0,0,2,0,2,0,0,0,2,95
6,6,0.0,9.0,5.0,0.0,0.0,0.0,0.0,0.0,0.0,0.0,1.0,0.0,0.0,0.0,0.0,30.0,12.0,0.0,0.0,0.0,0.0,0.0,0.0,0.0,0.0,60.0,0.0,0.0,0.0,10.0,6.0,0.0,4.0,85.0,0.0,0.0,0.0,0.0,0.0,6.0,60.0,0.0,2.0,0.0,0.0,8.0,1.0,15.0,0.0,0.0,0.0,0.0,5,0,3,2,0,0,0,0,0,0,0,1,0,0,0,0,10,6,0,0,0,0,0,0,0,0,16,0,0,0,2,3,0,2,13,0,0,0,0,0,2,13,0,1,0,0,3,1,4,0,0,0,0,96
6,7,0.0,37.0,10.0,0.0,0.0,0.0,0.0,0.0,0.0,0.0,3.0,0.0,7.0,0.0,0.0,14.0,17.0,0.0,0.0,0.0,0.0,0.0,0.0,0.0,0.0,49.0,0.0,0.0,0.0,2.0,10.0,0.0,8.0,85.0,0.0,0.0,0.0,0.0,0.0,11.0,39.0,0.0,9.0,0.0,0.0,1.0,3.0,0.0,0.0,0.0,0.0,0.0,6,0,8,7,0,0,0,0,0,0,0,3,0,2,0,0,8,7,0,0,0,0,0,0,0,0,16,0,0,0,2,5,0,6,23,0,0,0,0,0,7,9,0,7,0,0,1,2,0,0,0,0,0,97
6,8,0.0,28.0,2.0,0.0,0.0,0.0,0.0,0.0,0.0,0.0,2.0,0.0,0.0,0.0,0.0,50.0,3.0,0.0,0.0,0.0,0.0,0.0,0.0,0.0,0.0,26.0,0.0,0.0,0.0,5.0,6.0,0.0,1.0,114.0,0.0,0.0,0.0,0.0,0.0,3.0,70.0,0.0,2.0,0.0,0.0,8.0,1.0,7.0,0.0,0.0,0.0,0.0,7,0,9,2,0,0,0,0,0,0,0,2,0,0,0,0,14,2,0,0,0,0,0,0,0,0,9,0,0,0,3,4,0,1,26,0,0,0,0,0,2,19,0,2,0,0,2,1,1,0,0,0,0,98
6,9,0.0,24.0,6.0,0.0,0.0,0.0,0.0,0.0,0.0,0.0,2.0,0.0,0.0,4.0,0.0,30.0,15.0,0.0,0.0,0.0,0.0,0.0,0.0,0.0,0.0,47.0,0.0,0.0,0.0,1.0,11.0,0.0,4.0,67.0,0.0,0.0,0.0,0.0,0.0,8.0,12.0,0.0,5.0,0.0,0.0,1.0,6.0,0.0,0.0,0.0,0.0,0.0,8,0,10,3,0,0,0,0,0,0,0,1,0,0,1,0,13,7,0,0,0,0,0,0,0,0,22,0,0,0,1,7,0,4,28,0,0,0,0,0,4,8,0,5,0,0,1,3,0,0,0,0,0,99
6,10,0.0,14.0,0.0,0.0,0.0,0.0,0.0,0.0,0.0,0.0,1.0,0.0,0.0,14.0,0.0,26.0,3.0,0.0,0.0,0.0,0.0,0.0,0.0,0.0,0.0,37.0,0.0,0.0,0.0,0.0,4.0,0.0,1.0,71.0,0.0,0.0,0.0,0.0,0.0,18.0,12.0,0.0,7.0,0.0,0.0,18.0,4.0,0.0,0.0,0.0,0.0,0.0,9,0,9,0,0,0,0,0,0,0,0,1,0,0,4,0,17,2,0,0,0,0,0,0,0,0,11,0,0,0,0,3,0,1,21,0,0,0,0,0,7,7,0,2,0,0,5,2,0,0,0,0,0,100
6,11,0.0,22.0,3.0,0.0,0.0,0.0,0.0,0.0,0.0,0.0,1.0,0.0,0.0,8.0,1.0,36.0,21.0,0.0,1.0,0.0,0.0,0.0,0.0,0.0,0.0,38.0,0.0,0.0,0.0,1.0,6.0,0.0,0.0,68.0,0.0,0.0,0.0,0.0,0.0,2.0,14.0,0.0,4.0,0.0,0.0,4.0,2.0,0.0,0.0,0.0,0.0,0.0,10,0,8,2,0,0,0,0,0,0,0,1,0,0,2,1,15,6,0,1,0,0,0,0,0,0,10,0,0,0,1,3,0,0,14,0,0,0,0,0,2,5,0,3,0,0,1,2,0,0,0,0,0,101
6,12,0.0,16.0,6.0,1.0,1.0,0.0,0.0,0.0,0.0,0.0,2.0,0.0,0.0,19.0,0.0,37.0,11.0,0.0,1.0,0.0,2.0,0.0,0.0,0.0,0.0,39.0,0.0,0.0,0.0,3.0,13.0,0.0,3.0,95.0,0.0,0.0,0.0,0.0,0.0,13.0,16.0,0.0,27.0,0.0,0.0,8.0,5.0,6.0,0.0,0.0,0.0,0.0,11,0,8,3,1,1,0,0,0,0,0,1,0,0,2,0,15,5,0,1,0,2,0,0,0,0,11,0,0,0,3,5,0,3,17,0,0,0,0,0,6,9,0,10,0,0,3,4,2,0,0,0,0,102
6,13,0.0,1.0,2.0,0.0,0.0,4.0,0.0,0.0,0.0,0.0,0.0,0.0,0.0,0.0,0.0,17.0,0.0,0.0,0.0,0.0,0.0,0.0,0.0,0.0,0.0,0.0,0.0,0.0,0.0,0.0,2.0,0.0,0.0,44.0,0.0,0.0,0.0,0.0,0.0,0.0,5.0,0.0,0.0,0.0,0.0,1.0,0.0,18.0,0.0,0.0,0.0,0.0,12,0,1,1,0,0,1,0,0,0,0,0,0,0,0,0,4,0,0,0,0,0,0,0,0,0,0,0,0,0,0,1,0,0,11,0,0,0,0,0,0,4,0,0,0,0,1,0,6,0,0,0,0,103
6,14,1.0,10.0,2.0,0.0,0.0,1.0,0.0,0.0,0.0,0.0,1.0,0.0,0.0,34.0,0.0,9.0,6.0,0.0,1.0,18.0,0.0,0.0,0.0,0.0,0.0,26.0,8.0,0.0,0.0,0.0,1.0,0.0,2.0,82.0,0.0,0.0,0.0,0.0,0.0,5.0,25.0,0.0,1.0,0.0,0.0,0.0,1.0,2.0,0.0,0.0,0.0,0.0,13,1,5,2,0,0,1,0,0,0,0,1,0,0,6,0,4,5,0,1,7,0,0,0,0,0,7,1,0,0,0,1,0,1,27,0,0,0,0,0,4,8,0,1,0,0,0,1,1,0,0,0,0,104
6,15,0.0,24.0,1.0,0.0,0.0,0.0,0.0,0.0,0.0,0.0,0.0,0.0,0.0,0.0,0.0,39.0,23.0,0.0,0.0,5.0,0.0,0.0,0.0,0.0,0.0,33.0,33.0,0.0,0.0,11.0,5.0,0.0,4.0,68.0,1.0,0.0,0.0,0.0,0.0,6.0,5.0,0.0,4.0,0.0,0.0,19.0,0.0,0.0,0.0,0.0,0.0,0.0,14,0,8,1,0,0,0,0,0,0,0,0,0,0,0,0,14,7,0,0,1,0,0,0,0,0,11,7,0,0,5,4,0,3,16,1,0,0,0,0,2,4,0,2,0,0,5,0,0,0,0,0,0,105
6,16,0.0,25.0,19.0,0.0,0.0,0.0,0.0,0.0,0.0,13.0,1.0,0.0,0.0,0.0,0.0,47.0,35.0,0.0,1.0,0.0,0.0,0.0,0.0,0.0,0.0,134.0,0.0,0.0,0.0,3.0,29.0,0.0,6.0,117.0,0.0,0.0,0.0,0.0,0.0,3.0,126.0,0.0,6.0,0.0,0.0,2.0,3.0,1.0,0.0,0.0,0.0,0.0,15,0,14,6,0,0,0,0,0,0,1,1,0,0,0,0,15,11,0,1,0,0,0,0,0,0,32,0,0,0,3,9,0,6,28,0,0,0,0,0,3,31,0,4,0,0,2,3,1,0,0,0,0,106
6,17,0.0,24.0,3.0,0.0,0.0,0.0,0.0,0.0,0.0,0.0,0.0,0.0,0.0,0.0,0.0,29.0,20.0,0.0,0.0,3.0,0.0,0.0,0.0,0.0,0.0,40.0,53.0,0.0,0.0,3.0,3.0,0.0,4.0,52.0,0.0,0.0,0.0,0.0,0.0,4.0,1.0,0.0,1.0,0.0,0.0,3.0,1.0,0.0,6.0,0.0,0.0,0.0,16,0,9,2,0,0,0,0,0,0,0,0,0,0,0,0,9,8,0,0,2,0,0,0,0,0,9,12,0,0,1,3,0,2,15,0,0,0,0,0,3,1,0,1,0,0,1,1,0,2,0,0,0,107
6,18,0.0,15.0,6.0,0.0,0.0,0.0,0.0,0.0,0.0,0.0,0.0,0.0,9.0,0.0,0.0,43.0,7.0,0.0,0.0,7.0,0.0,0.0,0.0,0.0,0.0,51.0,0.0,0.0,0.0,8.0,8.0,0.0,3.0,85.0,0.0,0.0,0.0,0.0,0.0,1.0,3.0,0.0,18.0,0.0,0.0,3.0,11.0,2.0,0.0,0.0,0.0,0.0,17,0,8,4,0,0,0,0,0,0,0,0,0,3,0,0,12,4,0,0,1,0,0,0,0,0,12,0,0,0,2,3,0,2,19,0,0,0,0,0,1,2,0,10,0,0,1,9,2,0,0,0,0,108
6,19,0.0,35.0,17.0,0.0,0.0,0.0,0.0,0.0,0.0,0.0,1.0,0.0,10.0,0.0,0.0,34.0,16.0,0.0,1.0,0.0,0.0,0.0,0.0,0.0,0.0,33.0,0.0,0.0,0.0,4.0,7.0,0.0,1.0,74.0,0.0,0.0,0.0,0.0,0.0,20.0,31.0,0.0,6.0,0.0,0.0,5.0,1.0,0.0,0.0,0.0,0.0,0.0,18,0,11,4,0,0,0,0,0,0,0,1,0,4,0,0,7,6,0,1,0,0,0,0,0,0,15,0,0,0,2,4,0,1,18,0,0,0,0,0,8,11,0,5,0,0,1,1,0,0,0,0,0,109
6,20,0.0,25.0,5.0,0.0,0.0,0.0,0.0,0.0,0.0,0.0,0.0,0.0,3.0,0.0,0.0,17.0,52.0,0.0,0.0,23.0,0.0,0.0,0.0,0.0,0.0,8.0,0.0,0.0,0.0,5.0,20.0,0.0,9.0,46.0,0.0,0.0,0.0,0.0,0.0,6.0,28.0,0.0,3.0,0.0,0.0,5.0,0.0,3.0,0.0,0.0,0.0,0.0,19,0,11,2,0,0,0,0,0,0,0,0,0,1,0,0,8,14,0,0,9,0,0,0,0,0,6,0,0,0,4,9,0,4,11,0,0,0,0,0,4,9,0,2,0,0,2,0,2,0,0,0,0,110
6,21,1.0,3.0,3.0,0.0,0.0,0.0,0.0,0.0,0.0,0.0,1.0,0.0,4.0,0.0,0.0,45.0,9.0,0.0,0.0,15.0,0.0,0.0,0.0,0.0,0.0,37.0,0.0,0.0,0.0,28.0,8.0,0.0,0.0,86.0,0.0,0.0,0.0,0.0,0.0,9.0,27.0,0.0,4.0,0.0,0.0,4.0,2.0,0.0,0.0,0.0,0.0,0.0,20,1,2,2,0,0,0,0,0,0,0,1,0,2,0,0,15,5,0,0,6,0,0,0,0,0,15,0,0,0,6,5,0,0,27,0,0,0,0,0,7,11,0,3,0,0,1,1,0,0,0,0,0,111
6,22,0.0,30.0,0.0,0.0,0.0,0.0,0.0,0.0,0.0,0.0,2.0,0.0,26.0,0.0,0.0,38.0,3.0,0.0,0.0,4.0,0.0,0.0,0.0,0.0,0.0,14.0,0.0,0.0,0.0,7.0,0.0,0.0,1.0,92.0,0.0,0.0,0.0,0.0,0.0,1.0,42.0,0.0,0.0,0.0,0.0,4.0,3.0,0.0,0.0,0.0,0.0,0.0,21,0,9,0,0,0,0,0,0,0,0,2,0,11,0,0,12,1,0,0,2,0,0,0,0,0,8,0,0,0,2,0,0,1,14,0,0,0,0,0,1,10,0,0,0,0,3,2,0,0,0,0,0,112
6,23,0.0,41.0,17.0,0.0,0.0,0.0,0.0,0.0,0.0,0.0,4.0,0.0,4.0,0.0,0.0,36.0,11.0,0.0,5.0,6.0,0.0,0.0,0.0,0.0,0.0,21.0,0.0,0.0,0.0,5.0,6.0,0.0,3.0,82.0,0.0,0.0,0.0,0.0,0.0,3.0,30.0,0.0,8.0,0.0,0.0,11.0,2.0,5.0,0.0,0.0,0.0,0.0,22,0,10,8,0,0,0,0,0,0,0,3,0,1,0,0,13,5,0,2,2,0,0,0,0,0,8,0,0,0,2,3,0,2,20,0,0,0,0,0,2,9,0,5,0,0,6,2,3,0,0,0,0,113
6,24,0.0,17.0,4.0,0.0,0.0,0.0,0.0,0.0,0.0,0.0,2.0,0.0,6.0,0.0,1.0,19.0,4.0,0.0,0.0,5.0,0.0,0.0,1.0,0.0,0.0,13.0,43.0,0.0,0.0,5.0,7.0,0.0,0.0,67.0,0.0,0.0,0.0,0.0,0.0,2.0,17.0,0.0,5.0,0.0,0.0,2.0,2.0,7.0,1.0,0.0,0.0,0.0,23,0,8,4,0,0,0,0,0,0,0,2,0,3,0,1,9,2,0,0,3,0,0,1,0,0,4,12,0,0,3,4,0,0,24,0,0,0,0,0,2,6,0,5,0,0,1,2,3,1,0,0,0,114
7,1,2.0,16.0,3.0,0.0,0.0,2.0,0.0,0.0,0.0,0.0,4.0,0.0,5.0,0.0,0.0,21.0,7.0,0.0,0.0,11.0,0.0,0.0,0.0,0.0,0.0,22.0,7.0,0.0,0.0,5.0,5.0,0.0,3.0,58.0,0.0,0.0,0.0,0.0,0.0,8.0,25.0,0.0,7.0,0.0,0.0,3.0,5.0,3.0,0.0,0.0,0.0,0.0,0,2,10,3,0,0,1,0,0,0,0,4,0,4,0,0,8,4,0,0,6,0,0,0,0,0,10,1,0,0,4,4,0,3,15,0,0,0,0,0,5,8,0,4,0,0,1,3,3,0,0,0,0,115
7,2,0.0,13.0,4.0,0.0,0.0,0.0,0.0,0.0,0.0,0.0,1.0,0.0,4.0,0.0,0.0,48.0,4.0,0.0,0.0,17.0,0.0,0.0,0.0,0.0,0.0,34.0,0.0,0.0,0.0,6.0,0.0,0.0,0.0,31.0,0.0,0.0,2.0,0.0,0.0,7.0,39.0,0.0,3.0,0.0,0.0,3.0,3.0,35.0,0.0,0.0,0.0,0.0,1,0,8,2,0,0,0,0,0,0,0,1,0,2,0,0,11,4,0,0,4,0,0,0,0,0,10,0,0,0,4,0,0,0,10,0,0,1,0,0,2,15,0,3,0,0,2,3,14,0,0,0,0,116
7,3,2.0,49.0,16.0,0.0,0.0,0.0,0.0,0.0,0.0,0.0,2.0,0.0,11.0,0.0,0.0,17.0,19.0,0.0,0.0,0.0,0.0,0.0,0.0,0.0,0.0,19.0,0.0,0.0,0.0,2.0,0.0,0.0,1.0,43.0,0.0,0.0,0.0,0.0,0.0,1.0,17.0,0.0,4.0,0.0,0.0,0.0,2.0,0.0,0.0,0.0,0.0,0.0,2,2,18,8,0,0,0,0,0,0,0,2,0,3,0,0,8,7,0,0,0,0,0,0,0,0,8,0,0,0,2,0,0,1,13,0,0,0,0,0,1,6,0,2,0,0,0,2,0,0,0,0,0,117
7,4,0.0,40.0,2.0,0.0,0.0,0.0,0.0,0.0,0.0,0.0,2.0,0.0,8.0,0.0,0.0,41.0,4.0,0.0,0.0,3.0,0.0,0.0,0.0,16.0,16.0,4.0,0.0,0.0,0.0,5.0,10.0,0.0,7.0,88.0,0.0,0.0,0.0,7.0,0.0,7.0,8.0,0.0,5.0,0.0,0.0,1.0,4.0,0.0,0.0,0.0,0.0,0.0,3,0,10,2,0,0,0,0,0,0,0,1,0,4,0,0,14,3,0,0,1,0,0,0,3,4,3,0,0,0,3,2,0,3,17,0,0,0,2,0,4,6,0,4,0,0,1,1,0,0,0,0,0,118
7,5,4.0,38.0,2.0,0.0,0.0,0.0,0.0,0.0,0.0,0.0,2.0,0.0,23.0,0.0,0.0,56.0,2.0,0.0,0.0,0.0,0.0,0.0,0.0,0.0,0.0,59.0,0.0,0.0,0.0,3.0,12.0,0.0,15.0,85.0,0.0,0.0,0.0,0.0,0.0,16.0,10.0,0.0,8.0,0.0,0.0,3.0,5.0,0.0,0.0,0.0,0.0,0.0,4,3,8,2,0,0,0,0,0,0,0,1,0,4,0,0,21,2,0,0,0,0,0,0,0,0,21,0,0,0,2,5,0,7,17,0,0,0,0,0,6,5,0,4,0,0,2,3,0,0,0,0,0,119
7,6,1.0,16.0,5.0,0.0,0.0,0.0,0.0,0.0,0.0,0.0,3.0,0.0,26.0,0.0,0.0,14.0,7.0,0.0,0.0,14.0,0.0,0.0,0.0,0.0,0.0,27.0,0.0,0.0,0.0,5.0,19.0,0.0,1.0,59.0,0.0,0.0,0.0,0.0,0.0,8.0,24.0,0.0,5.0,0.0,0.0,6.0,7.0,4.0,5.0,0.0,0.0,0.0,5,1,9,4,0,0,0,0,0,0,0,3,0,6,0,0,8,6,0,0,5,0,0,0,0,0,13,0,0,0,4,8,0,1,16,0,0,0,0,0,7,12,0,4,0,0,5,4,2,3,0,0,0,120
7,7,1.0,25.0,8.0,0.0,0.0,0.0,0.0,0.0,0.0,0.0,0.0,0.0,2.0,0.0,0.0,16.0,9.0,0.0,0.0,2.0,0.0,8.0,0.0,0.0,0.0,38.0,0.0,0.0,0.0,2.0,4.0,0.0,0.0,74.0,0.0,0.0,0.0,0.0,0.0,2.0,33.0,0.0,5.0,0.0,0.0,6.0,3.0,3.0,0.0,0.0,0.0,3.0,6,1,9,3,0,0,0,0,0,0,0,0,0,2,0,0,7,4,0,0,1,0,5,0,0,0,13,0,0,0,2,2,0,0,26,0,0,0,0,0,2,8,0,4,0,0,5,3,3,0,0,0,1,121
7,8,0.0,27.0,9.0,0.0,0.0,0.0,0.0,0.0,0.0,0.0,4.0,0.0,0.0,0.0,0.0,26.0,42.0,0.0,0.0,18.0,0.0,0.0,0.0,0.0,0.0,18.0,0.0,0.0,0.0,13.0,9.0,0.0,0.0,56.0,0.0,0.0,0.0,0.0,0.0,7.0,23.0,0.0,12.0,0.0,0.0,3.0,1.0,0.0,0.0,0.0,0.0,0.0,7,0,9,4,0,0,0,0,0,0,0,2,0,0,0,0,6,12,0,0,9,0,0,0,0,0,6,0,0,0,8,5,0,0,19,0,0,0,0,0,2,8,0,4,0,0,2,1,0,0,0,0,0,122
7,9,0.0,10.0,20.0,0.0,0.0,0.0,0.0,0.0,0.0,0.0,3.0,0.0,0.0,0.0,0.0,24.0,7.0,0.0,0.0,8.0,0.0,1.0,0.0,0.0,0.0,24.0,4.0,0.0,0.0,5.0,9.0,10.0,0.0,66.0,0.0,1.0,0.0,0.0,0.0,5.0,28.0,0.0,1.0,0.0,0.0,54.0,7.0,0.0,0.0,0.0,0.0,0.0,8,0,6,7,0,0,0,0,0,0,0,1,0,0,0,0,9,3,0,0,3,0,1,0,0,0,10,2,0,0,2,6,2,0,14,0,1,0,0,0,1,9,0,1,0,0,12,5,0,0,0,0,0,123
7,10,0.0,23.0,3.0,0.0,0.0,0.0,0.0,0.0,0.0,0.0,2.0,0.0,13.0,0.0,0.0,48.0,10.0,0.0,0.0,1.0,0.0,0.0,3.0,0.0,0.0,27.0,0.0,0.0,0.0,8.0,8.0,0.0,2.0,56.0,0.0,0.0,0.0,13.0,0.0,25.0,45.0,0.0,3.0,0.0,0.0,7.0,6.0,0.0,0.0,0.0,0.0,0.0,9,0,10,3,0,0,0,0,0,0,0,1,0,6,0,0,14,6,0,0,1,0,0,1,0,0,9,0,0,0,2,3,0,2,14,0,0,0,4,0,6,12,0,3,0,0,3,4,0,0,0,0,0,124
7,11,1.0,28.0,26.0,0.0,0.0,0.0,0.0,0.0,0.0,0.0,4.0,0.0,23.0,0.0,0.0,38.0,18.0,0.0,0.0,6.0,0.0,0.0,0.0,50.0,0.0,50.0,0.0,0.0,0.0,14.0,15.0,0.0,10.0,130.0,0.0,0.0,0.0,5.0,0.0,12.0,69.0,0.0,13.0,5.0,0.0,11.0,5.0,25.0,0.0,0.0,0.0,0.0,10,1,11,10,0,0,0,0,0,0,0,3,0,11,0,0,14,10,0,0,5,0,0,0,8,0,20,0,0,0,7,10,0,7,24,0,0,0,1,0,7,24,0,7,3,0,4,4,7,0,0,0,0,125
7,12,0.0,21.0,7.0,0.0,0.0,0.0,0.0,0.0,0.0,0.0,13.0,0.0,21.0,0.0,0.0,34.0,21.0,0.0,0.0,2.0,0.0,0.0,0.0,19.0,0.0,8.0,0.0,0.0,0.0,10.0,19.0,3.0,1.0,75.0,0.0,0.0,0.0,0.0,0.0,3.0,31.0,0.0,9.0,0.0,0.0,6.0,0.0,0.0,0.0,0.0,0.0,0.0,11,0,6,3,0,0,0,0,0,0,0,4,0,7,0,0,10,8,0,0,1,0,0,0,6,0,2,0,0,0,5,5,2,1,14,0,0,0,0,0,2,9,0,4,0,0,3,0,0,0,0,0,0,126
7,13,0.0,51.0,0.0,0.0,0.0,0.0,0.0,0.0,0.0,0.0,2.0,0.0,3.0,12.0,0.0,19.0,25.0,0.0,0.0,7.0,0.0,2.0,2.0,12.0,0.0,24.0,0.0,0.0,0.0,12.0,9.0,0.0,0.0,37.0,0.0,0.0,0.0,0.0,0.0,14.0,18.0,0.0,3.0,0.0,0.0,8.0,2.0,0.0,0.0,0.0,0.0,0.0,12,0,19,0,0,0,0,0,0,0,0,2,0,1,1,0,7,10,0,0,3,0,1,1,6,0,6,0,0,0,5,5,0,0,11,0,0,0,0,0,3,7,0,3,0,0,1,2,0,0,0,0,0,127
7,14,0.0,14.0,1.0,0.0,0.0,0.0,0.0,0.0,0.0,0.0,0.0,0.0,8.0,0.0,0.0,26.0,14.0,0.0,0.0,25.0,0.0,1.0,0.0,30.0,0.0,32.0,0.0,0.0,0.0,9.0,7.0,0.0,3.0,42.0,0.0,0.0,0.0,0.0,0.0,12.0,36.0,0.0,10.0,0.0,0.0,6.0,3.0,0.0,0.0,0.0,8.0,0.0,13,0,6,1,0,0,0,0,0,0,0,0,0,5,0,0,6,8,0,0,7,0,1,0,8,0,4,0,0,0,1,5,0,3,8,0,0,0,0,0,5,10,0,5,0,0,1,1,0,0,0,2,0,128
7,15,0.0,37.0,9.0,0.0,0.0,0.0,0.0,0.0,0.0,0.0,1.0,0.0,16.0,0.0,0.0,24.0,38.0,0.0,1.0,21.0,0.0,0.0,2.0,38.0,0.0,23.0,0.0,0.0,0.0,1.0,13.0,0.0,1.0,73.0,0.0,0.0,0.0,0.0,0.0,17.0,24.0,0.0,3.0,0.0,0.0,6.0,1.0,0.0,0.0,0.0,0.0,0.0,14,0,9,2,0,0,0,0,0,0,0,1,0,6,0,0,4,9,0,1,6,0,0,1,12,0,8,0,0,0,1,7,0,1,18,0,0,0,0,0,6,8,0,3,0,0,3,1,0,0,0,0,0,129
7,16,0.0,2.0,0.0,0.0,0.0,0.0,0.0,0.0,0.0,0.0,1.0,0.0,0.0,0.0,0.0,3.0,1.0,0.0,0.0,0.0,0.0,0.0,0.0,15.0,1.0,6.0,0.0,0.0,1.0,1.0,2.0,0.0,0.0,33.0,0.0,0.0,0.0,0.0,0.0,0.0,4.0,0.0,0.0,0.0,0.0,1.0,0.0,0.0,0.0,0.0,0.0,0.0,15,0,2,0,0,0,0,0,0,0,0,1,0,0,0,0,3,1,0,0,0,0,0,0,5,1,4,0,0,1,1,1,0,0,19,0,0,0,0,0,0,2,0,0,0,0,1,0,0,0,0,0,0,130
7,17,0.0,29.0,1.0,0.0,0.0,0.0,0.0,0.0,0.0,0.0,0.0,0.0,0.0,0.0,0.0,41.0,10.0,0.0,0.0,1.0,0.0,0.0,0.0,32.0,0.0,38.0,0.0,0.0,0.0,3.0,13.0,0.0,3.0,57.0,0.0,0.0,0.0,0.0,0.0,1.0,36.0,0.0,1.0,0.0,0.0,4.0,1.0,0.0,0.0,0.0,0.0,0.0,16,0,6,1,0,0,0,0,0,0,0,0,0,0,0,0,11,4,0,0,1,0,0,0,5,0,10,0,0,0,2,5,0,2,10,0,0,0,0,0,1,10,0,1,0,0,3,1,0,0,0,0,0,131
7,18,0.0,17.0,1.0,0.0,0.0,0.0,0.0,0.0,0.0,0.0,0.0,0.0,10.0,0.0,0.0,31.0,0.0,0.0,0.0,1.0,0.0,0.0,0.0,47.0,0.0,24.0,0.0,0.0,0.0,3.0,18.0,0.0,3.0,72.0,0.0,0.0,0.0,0.0,0.0,7.0,32.0,0.0,3.0,0.0,0.0,9.0,1.0,0.0,0.0,0.0,0.0,0.0,17,0,4,1,0,0,0,0,0,0,0,0,0,3,0,0,11,0,0,0,1,0,0,0,12,0,7,0,0,0,1,6,0,2,15,0,0,0,0,0,5,8,0,1,0,0,7,1,0,0,0,0,0,132
7,19,0.0,12.0,4.0,0.0,0.0,0.0,0.0,0.0,0.0,0.0,0.0,0.0,8.0,0.0,0.0,10.0,10.0,0.0,0.0,4.0,0.0,0.0,0.0,0.0,0.0,10.0,0.0,0.0,0.0,5.0,4.0,0.0,1.0,68.0,0.0,0.0,0.0,0.0,0.0,5.0,8.0,0.0,2.0,0.0,0.0,2.0,3.0,0.0,0.0,0.0,1.0,0.0,18,0,8,3,0,0,0,0,0,0,0,0,0,7,0,0,4,4,0,0,1,0,0,0,0,0,6,0,0,0,2,4,0,1,15,0,0,0,0,0,3,4,0,2,0,0,2,3,0,0,0,1,0,133
7,20,4.0,4.0,2.0,0.0,0.0,0.0,0.0,0.0,0.0,0.0,1.0,0.0,3.0,0.0,0.0,13.0,12.0,0.0,0.0,2.0,0.0,0.0,0.0,0.0,0.0,24.0,4.0,0.0,0.0,0.0,6.0,0.0,6.0,82.0,0.0,0.0,0.0,0.0,0.0,6.0,15.0,0.0,3.0,0.0,0.0,6.0,3.0,2.0,0.0,0.0,0.0,0.0,19,1,2,1,0,0,0,0,0,0,0,1,0,3,0,0,6,5,0,0,1,0,0,0,0,0,9,1,0,0,0,5,0,4,21,0,0,0,0,0,4,7,0,3,0,0,4,3,2,0,0,0,0,134
7,21,0.0,24.0,12.0,0.0,0.0,0.0,0.0,0.0,0.0,0.0,2.0,0.0,3.0,0.0,0.0,16.0,12.0,0.0,0.0,10.0,0.0,0.0,0.0,6.0,0.0,18.0,0.0,0.0,0.0,3.0,11.0,0.0,6.0,116.0,0.0,0.0,0.0,0.0,0.0,6.0,20.0,0.0,18.0,0.0,0.0,3.0,7.0,5.0,0.0,0.0,0.0,0.0,20,0,8,4,0,0,0,0,0,0,0,2,0,1,0,0,7,2,0,0,4,0,0,0,1,0,4,0,0,0,2,3,0,3,31,0,0,0,0,0,3,8,0,9,0,0,1,2,2,0,0,0,0,135
7,22,0.0,9.0,4.0,0.0,0.0,0.0,0.0,0.0,0.0,0.0,0.0,0.0,8.0,0.0,0.0,20.0,3.0,0.0,0.0,8.0,0.0,0.0,0.0,0.0,0.0,40.0,0.0,0.0,0.0,15.0,13.0,0.0,0.0,0.0,0.0,0.0,0.0,0.0,0.0,2.0,24.0,0.0,4.0,0.0,0.0,15.0,0.0,1.0,0.0,0.0,0.0,0.0,21,0,6,3,0,0,0,0,0,0,0,0,0,7,0,0,8,2,0,0,5,0,0,0,0,0,16,0,0,0,5,9,0,0,0,0,0,0,0,0,2,9,0,2,0,0,6,0,1,0,0,0,0,136
7,23,2.0,26.0,11.0,0.0,0.0,0.0,0.0,0.0,0.0,0.0,2.0,0.0,5.0,0.0,0.0,73.0,13.0,0.0,0.0,20.0,0.0,0.0,0.0,0.0,0.0,28.0,14.0,0.0,0.0,6.0,20.0,0.0,1.0,0.0,0.0,0.0,0.0,0.0,0.0,4.0,11.0,0.0,5.0,0.0,0.0,2.0,2.0,6.0,0.0,0.0,0.0,0.0,22,1,6,5,0,0,0,0,0,0,0,1,0,3,0,0,17,8,0,0,5,0,0,0,0,0,13,3,0,0,3,7,0,1,0,0,0,0,0,0,2,8,0,5,0,0,1,2,3,0,0,0,0,137
7,24,1.0,26.0,11.0,0.0,0.0,0.0,0.0,0.0,0.0,0.0,17.0,0.0,27.0,0.0,0.0,44.0,23.0,0.0,0.0,30.0,0.0,0.0,0.0,0.0,0.0,90.0,28.0,0.0,0.0,17.0,14.0,0.0,6.0,0.0,0.0,0.0,0.0,0.0,9.0,22.0,32.0,0.0,20.0,12.0,0.0,11.0,4.0,13.0,0.0,0.0,0.0,0.0,23,1,12,5,0,0,0,0,0,0,0,9,0,9,0,0,12,10,0,0,12,0,0,0,0,0,24,5,0,0,7,9,0,4,0,0,0,0,0,2,7,15,0,10,4,0,6,3,8,0,0,0,0,138
8,1,1.0,52.0,7.0,0.0,0.0,0.0,0.0,0.0,0.0,0.0,1.0,0.0,5.0,0.0,0.0,38.0,9.0,0.0,2.0,3.0,0.0,0.0,0.0,0.0,0.0,38.0,0.0,0.0,0.0,6.0,10.0,0.0,6.0,0.0,0.0,0.0,0.0,0.0,0.0,7.0,25.0,0.0,11.0,33.0,0.0,5.0,8.0,4.0,0.0,0.0,2.0,0.0,0,1,21,5,0,0,0,0,0,0,0,1,0,5,0,0,18,6,0,2,3,0,0,0,0,0,18,0,0,0,4,7,0,4,0,0,0,0,0,0,6,17,0,7,11,0,5,7,4,0,0,1,0,139
8,2,1.0,86.0,14.0,0.0,0.0,0.0,0.0,0.0,0.0,0.0,0.0,0.0,7.0,0.0,0.0,21.0,18.0,0.0,0.0,0.0,2.0,0.0,0.0,0.0,0.0,42.0,0.0,0.0,0.0,5.0,24.0,0.0,5.0,0.0,0.0,0.0,0.0,0.0,0.0,7.0,34.0,0.0,8.0,24.0,0.0,5.0,5.0,1.0,0.0,0.0,0.0,0.0,1,1,26,3,0,0,0,0,0,0,0,0,0,3,0,0,8,7,0,0,0,2,0,0,0,0,12,0,0,0,3,11,0,4,0,0,0,0,0,0,4,12,0,7,6,0,4,5,1,0,0,0,0,140
8,3,0.0,63.0,3.0,0.0,0.0,0.0,0.0,0.0,0.0,0.0,1.0,0.0,49.0,0.0,0.0,37.0,12.0,0.0,0.0,0.0,0.0,0.0,0.0,0.0,0.0,52.0,0.0,0.0,0.0,6.0,21.0,0.0,4.0,0.0,0.0,0.0,0.0,3.0,0.0,18.0,23.0,0.0,7.0,0.0,0.0,6.0,0.0,2.0,0.0,0.0,0.0,0.0,2,0,15,1,0,0,0,0,0,0,0,1,0,12,0,0,14,8,0,0,0,0,0,0,0,0,14,0,0,0,3,10,0,2,0,0,0,0,2,0,5,6,0,5,0,0,3,0,2,0,0,0,0,141
8,4,0.0,66.0,13.0,0.0,0.0,0.0,0.0,0.0,0.0,0.0,0.0,0.0,10.0,0.0,0.0,29.0,5.0,0.0,0.0,4.0,0.0,0.0,0.0,0.0,0.0,23.0,0.0,0.0,0.0,3.0,6.0,0.0,6.0,0.0,0.0,0.0,5.0,0.0,0.0,10.0,15.0,0.0,3.0,18.0,0.0,8.0,1.0,6.0,0.0,0.0,1.0,0.0,3,0,23,4,0,0,0,0,0,0,0,0,0,5,0,0,16,4,0,0,3,0,0,0,0,0,14,0,0,0,2,5,0,5,0,0,0,1,0,0,7,7,0,2,5,0,7,1,1,0,0,1,0,142
8,5,0.0,34.0,5.0,0.0,0.0,0.0,0.0,0.0,0.0,0.0,4.0,0.0,9.0,0.0,0.0,21.0,36.0,0.0,0.0,9.0,0.0,0.0,0.0,0.0,0.0,29.0,0.0,0.0,0.0,12.0,9.0,0.0,9.0,0.0,0.0,0.0,0.0,0.0,0.0,10.0,27.0,0.0,7.0,32.0,0.0,3.0,4.0,7.0,0.0,0.0,0.0,0.0,4,0,15,3,0,0,0,0,0,0,0,3,0,5,0,0,6,14,0,0,4,0,0,0,0,0,11,0,0,0,3,6,0,5,0,0,0,0,0,0,6,8,0,4,9,0,2,3,3,0,0,0,0,143
8,6,0.0,54.0,7.0,0.0,0.0,0.0,0.0,0.0,0.0,0.0,0.0,0.0,16.0,0.0,0.0,51.0,8.0,0.0,0.0,24.0,0.0,0.0,0.0,0.0,0.0,44.0,0.0,0.0,0.0,5.0,10.0,0.0,0.0,0.0,0.0,0.0,0.0,0.0,0.0,11.0,21.0,0.0,2.0,35.0,0.0,3.0,9.0,8.0,0.0,11.0,0.0,0.0,5,0,19,4,0,0,0,0,0,0,0,0,0,7,0,0,16,7,0,0,9,0,0,0,0,0,13,0,0,0,3,7,0,0,0,0,0,0,0,0,5,8,0,2,8,0,3,9,1,0,4,0,0,144
8,7,0.0,43.0,0.0,0.0,0.0,0.0,0.0,10.0,0.0,0.0,2.0,0.0,23.0,0.0,0.0,55.0,13.0,0.0,0.0,2.0,0.0,0.0,0.0,0.0,0.0,40.0,0.0,0.0,0.0,6.0,15.0,0.0,0.0,0.0,0.0,0.0,0.0,0.0,0.0,4.0,65.0,0.0,2.0,10.0,0.0,6.0,0.0,4.0,0.0,4.0,0.0,0.0,6,0,10,0,0,0,0,0,3,0,0,1,0,9,0,0,15,2,0,0,1,0,0,0,0,0,11,0,0,0,3,7,0,0,0,0,0,0,0,0,1,19,0,1,2,0,3,0,1,0,2,0,0,145
8,8,0.0,58.0,1.0,0.0,0.0,0.0,0.0,0.0,0.0,0.0,0.0,0.0,13.0,0.0,0.0,30.0,17.0,0.0,4.0,10.0,0.0,0.0,0.0,0.0,0.0,25.0,0.0,0.0,0.0,5.0,18.0,1.0,1.0,0.0,0.0,0.0,0.0,0.0,0.0,20.0,18.0,0.0,11.0,24.0,0.0,11.0,4.0,0.0,0.0,0.0,0.0,0.0,7,0,19,1,0,0,0,0,0,0,0,0,0,7,0,0,11,8,0,3,6,0,0,0,0,0,12,0,0,0,4,9,1,1,0,0,0,0,0,0,7,9,0,8,9,0,6,2,0,0,0,0,0,146
8,9,0.0,59.0,2.0,0.0,0.0,0.0,0.0,0.0,0.0,0.0,2.0,0.0,24.0,0.0,0.0,52.0,8.0,0.0,0.0,4.0,0.0,0.0,0.0,0.0,0.0,29.0,0.0,0.0,0.0,1.0,2.0,0.0,1.0,0.0,0.0,0.0,0.0,0.0,0.0,12.0,0.0,0.0,3.0,40.0,0.0,3.0,1.0,3.0,0.0,0.0,0.0,0.0,8,0,16,2,0,0,0,0,0,0,0,2,0,7,0,0,17,6,0,0,3,0,0,0,0,0,11,0,0,0,1,2,0,1,0,0,0,0,0,0,5,0,0,2,14,0,3,1,1,0,0,0,0,147
8,10,0.0,88.0,2.0,0.0,0.0,0.0,0.0,0.0,0.0,0.0,2.0,0.0,10.0,0.0,0.0,28.0,38.0,0.0,0.0,0.0,0.0,0.0,0.0,0.0,0.0,44.0,0.0,0.0,0.0,10.0,10.0,0.0,18.0,0.0,0.0,0.0,0.0,5.0,0.0,9.0,0.0,0.0,7.0,26.0,0.0,10.0,5.0,6.0,0.0,9.0,0.0,0.0,9,0,24,1,0,0,0,0,0,0,0,2,0,3,0,0,10,12,0,0,0,0,0,0,0,0,15,0,0,0,5,5,0,5,0,0,0,0,2,0,5,0,0,3,9,0,4,3,4,0,3,0,0,148
8,11,2.0,44.0,2.0,0.0,0.0,0.0,0.0,1.0,0.0,0.0,1.0,0.0,10.0,0.0,0.0,34.0,6.0,0.0,0.0,21.0,1.0,0.0,0.0,0.0,0.0,19.0,0.0,0.0,0.0,7.0,19.0,0.0,7.0,0.0,0.0,0.0,0.0,0.0,0.0,19.0,0.0,0.0,3.0,16.0,0.0,6.0,5.0,0.0,0.0,0.0,0.0,0.0,10,2,15,2,0,0,0,0,1,0,0,1,0,5,0,0,9,4,0,0,7,1,0,0,0,0,8,0,0,0,4,13,0,5,0,0,0,0,0,0,8,0,0,3,5,0,2,4,0,0,0,0,0,149
8,12,2.0,44.0,5.0,0.0,0.0,1.0,0.0,3.0,0.0,0.0,0.0,0.0,10.0,0.0,0.0,47.0,58.0,0.0,0.0,9.0,0.0,0.0,0.0,0.0,0.0,22.0,0.0,0.0,0.0,6.0,11.0,0.0,9.0,0.0,0.0,0.0,0.0,0.0,0.0,12.0,0.0,0.0,3.0,24.0,0.0,10.0,7.0,8.0,0.0,7.0,0.0,0.0,11,2,13,5,0,0,1,0,2,0,0,0,0,6,0,0,15,20,0,0,6,0,0,0,0,0,11,0,0,0,3,6,0,5,0,0,0,0,0,0,6,0,0,2,9,0,8,4,6,0,4,0,0,150
8,13,1.0,47.0,31.0,0.0,0.0,0.0,0.0,0.0,0.0,0.0,5.0,0.0,13.0,0.0,0.0,58.0,14.0,0.0,0.0,5.0,0.0,0.0,0.0,0.0,0.0,73.0,0.0,0.0,0.0,2.0,12.0,0.0,2.0,0.0,0.0,0.0,0.0,3.0,0.0,24.0,28.0,0.0,12.0,0.0,0.0,2.0,7.0,5.0,0.0,3.0,0.0,0.0,12,1,15,6,0,0,0,0,0,0,0,3,0,6,0,0,15,7,0,0,4,0,0,0,0,0,19,0,0,0,1,4,0,2,0,0,0,0,1,0,6,5,0,8,0,0,2,4,2,0,1,0,0,151
8,14,1.0,45.0,8.0,4.0,0.0,0.0,0.0,0.0,0.0,0.0,1.0,0.0,23.0,0.0,0.0,67.0,15.0,0.0,0.0,0.0,2.0,0.0,0.0,0.0,0.0,30.0,0.0,0.0,0.0,8.0,5.0,0.0,2.0,0.0,0.0,0.0,0.0,12.0,0.0,4.0,29.0,0.0,2.0,0.0,0.0,12.0,7.0,2.0,0.0,9.0,0.0,0.0,13,1,14,2,1,0,0,0,0,0,0,1,0,6,0,0,23,7,0,0,0,2,0,0,0,0,11,0,0,0,5,3,0,2,0,0,0,0,2,0,3,7,0,2,0,0,6,6,1,0,2,0,0,152
8,15,0.0,22.0,0.0,0.0,0.0,0.0,0.0,4.0,0.0,0.0,2.0,0.0,4.0,0.0,0.0,63.0,21.0,0.0,3.0,0.0,0.0,0.0,0.0,0.0,0.0,32.0,0.0,0.0,0.0,3.0,2.0,0.0,2.0,0.0,0.0,0.0,0.0,0.0,27.0,1.0,10.0,0.0,0.0,0.0,0.0,9.0,13.0,0.0,0.0,0.0,0.0,0.0,14,0,5,0,0,0,0,0,3,0,0,2,0,3,0,0,24,14,0,2,0,0,0,0,0,0,15,0,0,0,1,2,0,1,0,0,0,0,0,9,1,3,0,0,0,0,6,8,0,0,0,0,0,153
8,16,0.0,20.0,11.0,0.0,0.0,0.0,0.0,27.0,0.0,0.0,0.0,0.0,14.0,0.0,0.0,60.0,19.0,0.0,2.0,6.0,0.0,0.0,0.0,0.0,0.0,55.0,0.0,0.0,0.0,8.0,4.0,0.0,0.0,0.0,0.0,0.0,0.0,0.0,24.0,10.0,15.0,0.0,4.0,0.0,0.0,20.0,6.0,0.0,0.0,9.0,0.0,0.0,15,0,7,8,0,0,0,0,7,0,0,0,0,5,0,0,15,4,0,2,4,0,0,0,0,0,13,0,0,0,5,3,0,0,0,0,0,0,0,10,9,10,0,4,0,0,4,2,0,0,5,0,0,154
8,17,0.0,28.0,9.0,0.0,0.0,0.0,0.0,4.0,0.0,0.0,1.0,2.0,4.0,0.0,0.0,53.0,10.0,0.0,1.0,0.0,0.0,0.0,0.0,0.0,0.0,28.0,0.0,0.0,0.0,9.0,8.0,1.0,3.0,0.0,0.0,0.0,0.0,0.0,19.0,6.0,10.0,0.0,2.0,0.0,0.0,17.0,1.0,18.0,4.0,0.0,0.0,0.0,16,0,6,4,0,0,0,0,2,0,0,1,1,3,0,0,17,6,0,1,0,0,0,0,0,0,7,0,0,0,3,3,1,2,0,0,0,0,0,8,5,4,0,2,0,0,5,1,4,3,0,0,0,155
8,18,0.0,20.0,3.0,0.0,0.0,0.0,0.0,1.0,0.0,0.0,2.0,0.0,26.0,0.0,0.0,45.0,15.0,0.0,1.0,1.0,0.0,0.0,0.0,0.0,0.0,45.0,0.0,0.0,0.0,3.0,19.0,0.0,1.0,0.0,0.0,0.0,0.0,0.0,12.0,4.0,10.0,0.0,6.0,0.0,0.0,2.0,2.0,16.0,9.0,0.0,0.0,0.0,17,0,8,2,0,0,0,0,1,0,0,2,0,10,0,0,10,5,0,1,1,0,0,0,0,0,12,0,0,0,2,7,0,1,0,0,0,0,0,6,4,5,0,5,0,0,1,2,6,3,0,0,0,156
8,19,2.0,33.0,1.0,0.0,0.0,0.0,0.0,0.0,0.0,0.0,1.0,0.0,7.0,0.0,0.0,21.0,32.0,0.0,0.0,0.0,0.0,0.0,0.0,0.0,0.0,38.0,0.0,0.0,0.0,1.0,8.0,0.0,2.0,0.0,0.0,0.0,0.0,0.0,42.0,1.0,17.0,0.0,4.0,24.0,0.0,1.0,1.0,3.0,0.0,0.0,0.0,0.0,18,2,10,1,0,0,0,0,0,0,0,1,0,3,0,0,7,9,0,0,0,0,0,0,0,0,13,0,0,0,1,6,0,2,0,0,0,0,0,13,1,11,0,3,8,0,1,1,1,0,0,0,0,157
8,20,3.0,48.0,8.0,0.0,0.0,0.0,0.0,0.0,0.0,0.0,3.0,0.0,1.0,0.0,0.0,22.0,25.0,0.0,0.0,2.0,0.0,0.0,4.0,0.0,0.0,39.0,0.0,0.0,0.0,0.0,3.0,0.0,0.0,0.0,0.0,0.0,0.0,0.0,22.0,11.0,32.0,0.0,9.0,19.0,0.0,3.0,1.0,0.0,0.0,0.0,0.0,1.0,19,2,9,5,0,0,0,0,0,0,0,3,0,1,0,0,6,9,0,0,1,0,0,1,0,0,10,0,0,0,0,3,0,0,0,0,0,0,0,7,6,11,0,4,3,0,1,1,0,0,0,0,1,158
8,21,1.0,53.0,7.0,0.0,0.0,0.0,0.0,0.0,0.0,0.0,2.0,0.0,5.0,0.0,0.0,16.0,24.0,0.0,0.0,4.0,0.0,0.0,0.0,0.0,0.0,19.0,0.0,0.0,0.0,13.0,9.0,0.0,1.0,0.0,0.0,0.0,0.0,1.0,36.0,7.0,29.0,0.0,10.0,18.0,0.0,30.0,1.0,1.0,0.0,0.0,0.0,0.0,20,1,16,4,0,0,0,0,0,0,0,2,0,4,0,0,9,10,0,0,2,0,0,0,0,0,12,0,0,0,6,6,0,1,0,0,0,0,1,13,4,13,0,8,10,0,7,1,1,0,0,0,0,159
8,22,0.0,41.0,4.0,0.0,0.0,0.0,0.0,0.0,0.0,0.0,1.0,0.0,14.0,5.0,0.0,15.0,7.0,0.0,0.0,0.0,0.0,0.0,0.0,0.0,0.0,24.0,0.0,0.0,0.0,0.0,18.0,0.0,2.0,0.0,0.0,0.0,0.0,0.0,17.0,16.0,22.0,0.0,1.0,13.0,0.0,17.0,1.0,0.0,0.0,0.0,2.0,0.0,21,0,10,4,0,0,0,0,0,0,0,1,0,6,1,0,6,5,0,0,0,0,0,0,0,0,7,0,0,0,0,8,0,2,0,0,0,0,0,7,10,9,0,1,4,0,2,1,0,0,0,1,0,160
8,23,1.0,28.0,3.0,0.0,0.0,0.0,0.0,0.0,0.0,0.0,1.0,0.0,0.0,4.0,0.0,56.0,8.0,0.0,0.0,13.0,0.0,0.0,0.0,0.0,0.0,48.0,0.0,0.0,0.0,0.0,1.0,0.0,0.0,0.0,0.0,0.0,0.0,0.0,15.0,1.0,23.0,0.0,1.0,33.0,0.0,0.0,1.0,7.0,0.0,0.0,0.0,0.0,22,1,10,3,0,0,0,0,0,0,0,1,0,0,1,0,16,3,0,0,7,0,0,0,0,0,12,0,0,0,0,1,0,0,0,0,0,0,0,5,1,4,0,1,8,0,0,1,4,0,0,0,0,161
8,24,0.0,49.0,20.0,0.0,0.0,0.0,0.0,0.0,0.0,0.0,1.0,0.0,15.0,17.0,0.0,27.0,9.0,0.0,0.0,2.0,0.0,0.0,0.0,0.0,0.0,31.0,0.0,0.0,0.0,4.0,3.0,0.0,2.0,0.0,0.0,0.0,2.0,0.0,19.0,11.0,22.0,0.0,5.0,15.0,0.0,0.0,1.0,5.0,0.0,4.0,0.0,0.0,23,0,16,10,0,0,0,0,0,0,0,1,0,4,3,0,12,3,0,0,2,0,0,0,0,0,10,0,0,0,2,3,0,2,0,0,0,1,0,5,3,5,0,4,4,0,0,1,1,0,2,0,0,162
9,1,0.0,33.0,16.0,0.0,0.0,0.0,0.0,0.0,0.0,22.0,1.0,0.0,3.0,1.0,0.0,42.0,4.0,0.0,0.0,0.0,0.0,0.0,0.0,0.0,0.0,21.0,0.0,0.0,0.0,2.0,7.0,0.0,2.0,0.0,0.0,0.0,0.0,0.0,10.0,9.0,19.0,13.0,1.0,0.0,0.0,1.0,3.0,11.0,0.0,0.0,0.0,0.0,0,0,9,6,0,0,0,0,0,0,7,1,0,3,1,0,13,4,0,0,0,0,0,0,0,0,9,0,0,0,2,6,0,2,0,0,0,0,0,7,6,5,5,1,0,0,1,3,7,0,0,0,0,163
9,2,0.0,33.0,7.0,0.0,0.0,0.0,0.0,0.0,0.0,22.0,4.0,0.0,11.0,0.0,0.0,31.0,31.0,0.0,0.0,0.0,0.0,0.0,0.0,0.0,0.0,39.0,0.0,0.0,0.0,0.0,10.0,0.0,1.0,0.0,0.0,0.0,0.0,0.0,31.0,5.0,34.0,16.0,1.0,0.0,11.0,0.0,1.0,5.0,0.0,0.0,0.0,0.0,1,0,9,4,0,0,0,0,0,0,6,4,0,7,0,0,9,11,0,0,0,0,0,0,0,0,13,0,0,0,0,4,0,1,0,0,0,0,0,10,2,14,9,1,0,3,0,1,2,0,0,0,0,164
9,3,0.0,44.0,2.0,0.0,0.0,0.0,0.0,0.0,0.0,4.0,0.0,0.0,31.0,0.0,0.0,24.0,21.0,0.0,0.0,0.0,0.0,0.0,0.0,0.0,0.0,19.0,0.0,0.0,0.0,0.0,3.0,0.0,1.0,0.0,0.0,0.0,0.0,0.0,34.0,7.0,34.0,5.0,3.0,0.0,0.0,0.0,2.0,0.0,0.0,0.0,0.0,0.0,2,0,15,2,0,0,0,0,0,0,2,0,0,9,0,0,9,9,0,0,0,0,0,0,0,0,6,0,0,0,0,2,0,1,0,0,0,0,0,12,3,14,4,3,0,0,0,2,0,0,0,0,0,165
9,4,0.0,40.0,5.0,0.0,0.0,0.0,0.0,0.0,0.0,12.0,3.0,0.0,11.0,0.0,0.0,40.0,11.0,0.0,0.0,0.0,19.0,0.0,0.0,0.0,0.0,60.0,0.0,0.0,0.0,0.0,16.0,0.0,7.0,0.0,0.0,0.0,0.0,0.0,27.0,13.0,29.0,2.0,5.0,0.0,0.0,0.0,10.0,2.0,0.0,0.0,0.0,0.0,3,0,13,4,0,0,0,0,0,0,4,3,0,3,0,0,16,5,0,0,0,5,0,0,0,0,18,0,0,0,0,5,0,6,0,0,0,0,0,8,7,12,2,4,0,0,0,5,1,0,0,0,0,166
9,5,1.0,50.0,6.0,0.0,0.0,0.0,0.0,0.0,0.0,5.0,3.0,0.0,6.0,0.0,0.0,39.0,24.0,0.0,0.0,0.0,0.0,0.0,0.0,0.0,0.0,35.0,0.0,0.0,0.0,0.0,2.0,0.0,5.0,0.0,0.0,0.0,0.0,0.0,21.0,3.0,32.0,2.0,0.0,0.0,0.0,0.0,2.0,5.0,0.0,0.0,0.0,0.0,4,1,13,3,0,0,0,0,0,0,4,3,0,3,0,0,15,9,0,0,0,0,0,0,0,0,8,0,0,0,0,2,0,2,0,0,0,0,0,6,1,8,2,0,0,0,0,2,1,0,0,0,0,167
9,6,1.0,54.0,12.0,0.0,0.0,0.0,0.0,0.0,0.0,0.0,1.0,0.0,4.0,0.0,7.0,34.0,40.0,0.0,0.0,0.0,0.0,0.0,0.0,0.0,0.0,9.0,0.0,0.0,0.0,0.0,25.0,0.0,3.0,0.0,0.0,0.0,0.0,0.0,16.0,27.0,11.0,10.0,0.0,0.0,0.0,0.0,0.0,9.0,0.0,0.0,0.0,0.0,5,1,13,4,0,0,0,0,0,0,0,1,0,1,0,1,13,12,0,0,0,0,0,0,0,0,6,0,0,0,0,12,0,1,0,0,0,0,0,7,13,5,2,0,0,0,0,0,3,0,0,0,0,168
9,7,0.0,9.0,21.0,0.0,0.0,0.0,0.0,0.0,0.0,4.0,1.0,0.0,3.0,6.0,0.0,53.0,18.0,0.0,2.0,0.0,0.0,0.0,3.0,0.0,25.0,22.0,0.0,0.0,0.0,0.0,3.0,0.0,4.0,0.0,0.0,0.0,0.0,0.0,6.0,21.0,45.0,9.0,14.0,0.0,0.0,0.0,0.0,5.0,0.0,0.0,0.0,0.0,6,0,3,5,0,0,0,0,0,0,3,1,0,3,2,0,10,7,0,2,0,0,0,1,0,4,6,0,0,0,0,2,0,3,0,0,0,0,0,3,6,13,4,4,0,0,0,0,5,0,0,0,0,169
9,8,0.0,0.0,52.0,0.0,0.0,0.0,0.0,0.0,0.0,0.0,3.0,0.0,6.0,3.0,0.0,57.0,6.0,0.0,9.0,0.0,0.0,0.0,0.0,0.0,0.0,29.0,0.0,0.0,0.0,0.0,16.0,0.0,8.0,0.0,0.0,0.0,0.0,0.0,9.0,22.0,17.0,23.0,12.0,0.0,0.0,0.0,14.0,8.0,0.0,0.0,2.0,0.0,7,0,0,12,0,0,0,0,0,0,0,2,0,4,1,0,12,4,0,6,0,0,0,0,0,0,8,0,0,0,0,7,0,5,0,0,0,0,0,5,9,7,8,5,0,0,0,4,1,0,0,1,0,170
9,9,0.0,0.0,11.0,0.0,0.0,0.0,0.0,0.0,0.0,0.0,2.0,0.0,17.0,0.0,0.0,59.0,24.0,0.0,0.0,0.0,0.0,0.0,0.0,0.0,0.0,58.0,0.0,0.0,0.0,0.0,13.0,0.0,5.0,0.0,0.0,0.0,0.0,0.0,11.0,7.0,32.0,22.0,10.0,0.0,0.0,0.0,5.0,11.0,0.0,0.0,0.0,0.0,8,0,0,7,0,0,0,0,0,0,0,2,0,8,0,0,17,7,0,0,0,0,0,0,0,0,17,0,0,0,0,5,0,3,0,0,0,0,0,6,6,13,5,7,0,0,0,5,4,0,0,0,0,171
9,10,0.0,0.0,16.0,0.0,0.0,1.0,0.0,0.0,0.0,0.0,4.0,0.0,15.0,0.0,0.0,18.0,26.0,0.0,0.0,0.0,0.0,0.0,0.0,0.0,0.0,28.0,0.0,0.0,0.0,0.0,14.0,0.0,22.0,0.0,0.0,0.0,0.0,0.0,9.0,10.0,44.0,7.0,8.0,0.0,0.0,0.0,4.0,0.0,0.0,13.0,0.0,0.0,9,0,0,9,0,0,1,0,0,0,0,3,0,8,0,0,9,9,0,0,0,0,0,0,0,0,11,0,0,0,0,9,0,12,0,0,0,0,0,4,7,20,4,4,0,0,0,2,0,0,6,0,0,172
9,11,0.0,0.0,13.0,0.0,0.0,0.0,0.0,0.0,0.0,35.0,3.0,0.0,19.0,0.0,0.0,41.0,11.0,0.0,1.0,0.0,0.0,0.0,0.0,0.0,0.0,18.0,0.0,0.0,0.0,0.0,19.0,0.0,6.0,0.0,0.0,0.0,0.0,0.0,9.0,19.0,23.0,2.0,6.0,0.0,0.0,0.0,4.0,0.0,0.0,0.0,0.0,0.0,10,0,0,4,0,0,0,0,0,0,11,2,0,8,0,0,9,6,0,1,0,0,0,0,0,0,5,0,0,0,0,7,0,3,0,0,0,0,0,5,8,9,2,5,0,0,0,3,0,0,0,0,0,173
9,12,4.0,0.0,6.0,0.0,0.0,0.0,0.0,0.0,0.0,1.0,2.0,0.0,24.0,0.0,0.0,44.0,18.0,0.0,0.0,0.0,0.0,3.0,0.0,0.0,0.0,37.0,0.0,0.0,0.0,0.0,10.0,0.0,2.0,0.0,0.0,0.0,0.0,0.0,24.0,8.0,48.0,12.0,3.0,0.0,0.0,0.0,1.0,7.0,0.0,0.0,0.0,0.0,11,3,0,4,0,0,0,0,0,0,1,2,0,11,0,0,17,8,0,0,0,0,1,0,0,0,13,0,0,0,0,7,0,2,0,0,0,0,0,9,6,12,6,3,0,0,0,1,2,0,0,0,0,174
9,13,0.0,0.0,1.0,0.0,0.0,0.0,0.0,0.0,0.0,33.0,0.0,0.0,2.0,0.0,9.0,87.0,2.0,0.0,0.0,0.0,0.0,0.0,0.0,0.0,0.0,45.0,0.0,0.0,0.0,0.0,1.0,0.0,5.0,0.0,0.0,0.0,4.0,2.0,3.0,2.0,24.0,0.0,0.0,0.0,0.0,0.0,2.0,0.0,0.0,0.0,0.0,0.0,12,0,0,1,0,0,0,0,0,0,9,0,0,2,0,1,31,1,0,0,0,0,0,0,0,0,14,0,0,0,0,1,0,2,0,0,0,1,2,2,2,8,0,0,0,0,0,2,0,0,0,0,0,175
9,14,0.0,0.0,15.0,0.0,0.0,0.0,0.0,0.0,0.0,4.0,1.0,0.0,35.0,0.0,0.0,37.0,10.0,0.0,0.0,0.0,0.0,0.0,0.0,0.0,0.0,30.0,0.0,0.0,0.0,0.0,6.0,0.0,1.0,0.0,0.0,0.0,0.0,4.0,9.0,12.0,57.0,0.0,1.0,0.0,0.0,0.0,0.0,3.0,0.0,1.0,0.0,0.0,13,0,0,6,0,0,0,0,0,0,1,1,0,9,0,0,11,7,0,0,0,0,0,0,0,0,7,0,0,0,0,4,0,1,0,0,0,0,1,5,8,15,0,1,0,0,0,0,1,0,1,0,0,176
9,15,0.0,62.0,4.0,0.0,0.0,0.0,0.0,0.0,0.0,9.0,0.0,0.0,3.0,0.0,10.0,32.0,26.0,0.0,0.0,0.0,0.0,0.0,0.0,0.0,8.0,26.0,0.0,0.0,0.0,0.0,6.0,0.0,2.0,0.0,0.0,0.0,0.0,0.0,7.0,7.0,28.0,8.0,6.0,0.0,0.0,0.0,1.0,0.0,0.0,0.0,0.0,0.0,14,0,11,2,0,0,0,0,0,0,5,0,0,2,0,4,9,10,0,0,0,0,0,0,0,1,7,0,0,0,0,4,0,2,0,0,0,0,0,4,5,6,5,4,0,0,0,1,0,0,0,0,0,177
9,16,0.0,83.0,42.0,0.0,0.0,0.0,0.0,0.0,0.0,9.0,4.0,0.0,5.0,15.0,1.0,44.0,33.0,0.0,0.0,20.0,0.0,0.0,0.0,0.0,0.0,28.0,0.0,0.0,0.0,0.0,5.0,0.0,7.0,0.0,0.0,0.0,0.0,0.0,8.0,8.0,55.0,41.0,10.0,0.0,0.0,0.0,5.0,15.0,0.0,0.0,0.0,0.0,15,0,19,7,0,0,0,0,0,0,3,2,0,3,1,1,8,8,0,0,3,0,0,0,0,0,4,0,0,0,0,3,0,3,0,0,0,0,0,3,4,14,8,4,0,0,0,3,5,0,0,0,0,178
9,17,0.0,5.0,8.0,0.0,0.0,0.0,0.0,0.0,0.0,5.0,3.0,0.0,1.0,0.0,0.0,51.0,4.0,0.0,0.0,0.0,0.0,0.0,0.0,0.0,0.0,6.0,0.0,0.0,0.0,0.0,12.0,0.0,3.0,0.0,0.0,0.0,3.0,0.0,2.0,11.0,21.0,0.0,8.0,0.0,0.0,0.0,2.0,0.0,14.0,0.0,0.0,0.0,16,0,3,4,0,0,0,0,0,0,3,3,0,1,0,0,18,4,0,0,0,0,0,0,0,0,3,0,0,0,0,6,0,3,0,0,0,1,0,2,5,7,0,5,0,0,0,2,0,6,0,0,0,179
9,18,0.0,11.0,32.0,0.0,0.0,0.0,0.0,0.0,0.0,23.0,0.0,0.0,12.0,0.0,0.0,37.0,3.0,0.0,0.0,0.0,4.0,0.0,0.0,0.0,0.0,31.0,0.0,0.0,0.0,0.0,9.0,0.0,3.0,0.0,0.0,0.0,0.0,0.0,4.0,29.0,42.0,2.0,6.0,0.0,0.0,0.0,5.0,2.0,0.0,0.0,0.0,0.0,17,0,6,11,0,0,0,0,0,0,7,0,0,4,0,0,8,3,0,0,0,4,0,0,0,0,4,0,0,0,0,6,0,3,0,0,0,0,0,4,9,11,1,5,0,0,0,3,2,0,0,0,0,180
9,19,0.0,31.0,4.0,0.0,0.0,0.0,0.0,0.0,0.0,37.0,2.0,2.0,0.0,0.0,0.0,61.0,10.0,0.0,2.0,0.0,0.0,0.0,0.0,0.0,0.0,15.0,0.0,0.0,0.0,0.0,5.0,6.0,2.0,0.0,0.0,0.0,0.0,0.0,13.0,7.0,9.0,2.0,5.0,7.0,0.0,0.0,21.0,15.0,0.0,0.0,0.0,0.0,18,0,12,2,0,0,0,0,0,0,12,1,2,0,0,0,19,7,0,2,0,0,0,0,0,0,5,0,0,0,0,2,3,2,0,0,0,0,0,6,5,5,2,5,3,0,0,9,4,0,0,0,0,181
9,20,0.0,39.0,16.0,0.0,0.0,0.0,0.0,0.0,0.0,6.0,1.0,0.0,10.0,0.0,0.0,21.0,16.0,0.0,0.0,0.0,2.0,0.0,0.0,0.0,0.0,17.0,0.0,0.0,0.0,0.0,10.0,0.0,0.0,0.0,0.0,0.0,0.0,0.0,20.0,2.0,22.0,4.0,0.0,2.0,0.0,0.0,2.0,7.0,0.0,0.0,0.0,3.0,19,0,12,11,0,0,0,0,0,0,4,1,0,6,0,0,10,9,0,0,0,2,0,0,0,0,7,0,0,0,0,4,0,0,0,0,0,0,0,10,1,10,2,0,1,0,0,1,3,0,0,0,1,182
9,21,0.0,68.0,30.0,0.0,0.0,0.0,0.0,0.0,0.0,8.0,2.0,0.0,11.0,0.0,37.0,54.0,9.0,0.0,0.0,0.0,0.0,0.0,0.0,0.0,0.0,63.0,0.0,0.0,0.0,0.0,13.0,0.0,1.0,0.0,0.0,0.0,0.0,0.0,5.0,19.0,30.0,5.0,4.0,0.0,0.0,0.0,4.0,7.0,0.0,0.0,0.0,0.0,20,0,20,8,0,0,0,0,0,0,3,2,0,2,0,13,13,5,0,0,0,0,0,0,0,0,16,0,0,0,0,9,0,1,0,0,0,0,0,3,6,6,2,3,0,0,0,3,1,0,0,0,0,183
9,22,0.0,44.0,39.0,0.0,0.0,0.0,0.0,0.0,0.0,5.0,4.0,0.0,30.0,0.0,0.0,87.0,22.0,0.0,1.0,0.0,0.0,0.0,1.0,0.0,0.0,89.0,0.0,0.0,0.0,0.0,30.0,0.0,9.0,0.0,0.0,0.0,0.0,0.0,0.0,28.0,34.0,4.0,7.0,0.0,0.0,0.0,4.0,0.0,0.0,0.0,0.0,0.0,21,0,9,9,0,0,0,0,0,0,3,3,0,9,0,0,30,9,0,1,0,0,0,1,0,0,23,0,0,0,0,11,0,6,0,0,0,0,0,0,13,11,2,5,0,0,0,4,0,0,0,0,0,184
9,23,10.0,31.0,23.0,0.0,0.0,0.0,1.0,0.0,0.0,3.0,8.0,1.0,19.0,0.0,2.0,76.0,11.0,0.0,0.0,0.0,0.0,2.0,0.0,0.0,0.0,73.0,0.0,0.0,0.0,12.0,31.0,1.0,15.0,2.0,0.0,0.0,2.0,0.0,9.0,18.0,45.0,3.0,17.0,0.0,0.0,15.0,8.0,13.0,0.0,3.0,0.0,1.0,22,9,15,9,0,0,0,1,0,0,3,6,1,10,0,2,27,6,0,0,0,0,1,0,0,0,33,0,0,0,5,14,1,9,2,0,0,2,0,5,13,21,2,11,0,0,5,7,6,0,1,0,1,185
